"author"	"title"	"source"	"year"	"type"	"country"	"samples"	"theory"	"projpics"	"associations"	"projmeth"	"discourse"	"testing"	"form"	"questionnaire"	"interview"	"focus-group"	"composition"	"content-analysis"	"training"	"psychosemantic"	"observation"	"expeval"	"experiment"	"descriptive"	"correlation"	"regression"	"factor"	"ttest"	"binomial"	"cluster"	"hkw"	"angtfischer"	"anova"	"chisq"	"chuprov"	"cramer"	"dsomers"	"umwh"	"chisqfriedm"	"fischer"	"wilcox"	"msd"	"normality"
"Фомічова В. М."	"Соціальні уявлення у проблематиці сучасної cоціальної психології"	"Науковий вісник Миколаївського державного університету імені В.О. Сухомлинського: Збірник наукових праць. Серія «Психологічні науки» / За ред. С.Д. Максименка, Н.О. Євдокимової. – Т. 2. – Вип. 4. – Миколаїв: ТОВ фірма «Іліон», 2010. – 314 с."	2010	"Стаття"	"Україна"	"NAN"	1	"NAN"	"NAN"	"NAN"	"NAN"	"NAN"	"NAN"	"NAN"	"NAN"	"NAN"	"NAN"	"NAN"	"NAN"	"NAN"	"NAN"	"NAN"	"NAN"	"NAN"	"NAN"	"NAN"	"NAN"	"NAN"	"NAN"	"NAN"	"NAN"	"NAN"	"NAN"	"NAN"	"NAN"	"NAN"	"NAN"	"NAN"	"NAN"	"NAN"	"NAN"	"NAN"	"NAN"
"Захаров К. В."	"Соціальні уявлення студентів-психологів про політичне майбутнє україни"	"Проблеми політичної психології та її роль у становленні громадянина Української держави : зб. наук. пр. Вип. 9 , 2009"	2009	"Стаття"	"Україна"	30								1				1		1				1	1	1																	
"Мусієздов О. О."	"Соціальні уявлення про культурну ідентичність Харкова"	"Вісник Львівського університету. Сер. cоціол. 2008. Вип. 2. С. 100–109."	2008	"Стаття"	"Україна"	"752, 478, 1278"								1										1	1		1																
"Болотова В. О., Щербакова І. В."	"Соціальні уявлення про ОВС як фактор співробітництва між міліцією та населенням"	"Вісник національного університету внутрішніх справ.–Харків. – 2005. – С. 145-149."	2005	"Стаття"	"Україна"	"NA"								1										1																			
"Свєженцева Ю. О."	"Соціальні уявлення про сучасного правоохоронця: жеглови, шарапови, аніскіни чи ""tertius gaudens""?"	"Вісник Харківського національного університету ім. В. Н. Каразіна '2011, №948, с. 190 - 193"	2011	"Стаття"	"Україна"	"NA"									1																												
"Руденок А. І."	"Формування соціальних уявлень як психолого-педагогічна проблема"	"Педагогіка і психологія професійної освіти. -Львів : Львів. наук.-практ. центр проф.-техн. освіти АПН Укрїни : Нац. ун-т ""Львівська політехніка"":Ін-т педагогіки і психології проф. освіти АПН України, 2009,N № 4.-С.190-198"	2009	"Стаття"	"Україна"	"NAN"	1	"NAN"	"NAN"	"NAN"	"NAN"	"NAN"	"NAN"	"NAN"	"NAN"	"NAN"	"NAN"	"NAN"	"NAN"	"NAN"	"NAN"	"NAN"	"NAN"	"NAN"	"NAN"	"NAN"	"NAN"	"NAN"	"NAN"	"NAN"	"NAN"	"NAN"	"NAN"	"NAN"	"NAN"	"NAN"	"NAN"	"NAN"	"NAN"	"NAN"	"NAN"	"NAN"	"NAN"
"Зіятдінова Е. Б."	"Компаративний аналіз соціальних уявлень про утворення сім’ї в чоловіків 20–25 р. кримськотатарської та української етнічних груп"	"Вісник Львів. ун-ту. Сер. соціол. 2009. Вип. 3. С. 229–241"	2009	"Стаття"	"Україна"	"NA"								1	1			1						1																			
"Одінцова А. М."	"Теоретичні підходи до визначення поняття та змісту життєвої ролі"	"Збірник наукових праць Інституту психології імені Г.С.Костюка НАПНУ. Проблеми загальної та педагогічної психології, т. XІV, ч.2, 2012, с. 283-290"	2012	"Стаття"	"Україна"	"NAN"	1	"NAN"	"NAN"	"NAN"	"NAN"	"NAN"	"NAN"	"NAN"	"NAN"	"NAN"	"NAN"	"NAN"	"NAN"	"NAN"	"NAN"	"NAN"	"NAN"	"NAN"	"NAN"	"NAN"	"NAN"	"NAN"	"NAN"	"NAN"	"NAN"	"NAN"	"NAN"	"NAN"	"NAN"	"NAN"	"NAN"	"NAN"	"NAN"	"NAN"	"NAN"	"NAN"	"NAN"
"Молодиченко В."	"Особливості соціальних уявлень молоді щодо сімейно-шлюбних відносин: гендерний аналіз"	"КНУТШ, Філософський ф-т, Центр українозавства ; Мелітопольський держ. пед. ун-т ім. Богдана Хмельницького. ""Гендерна освіта в Україні: досвід, проблеми, перспективи"" (на виконання Наказу МОН № 839 ""Про впровадження принципів гендерної рівності в освіту"" ), Київ ; Мелітополь, 2010, с. 142-145"	2010	"Стаття"	"Україна"	502																		1																			
"Літвінова О. В."	"Психологічні аспекти взаємодії поколінь як історично та культурно змінюваного явища"	"Теоретичні і прикладні проблеми психології, № 1(30) 2013. С. 188-195"	2013	"Стаття"	"Україна"	"NAN"	1	"NAN"	"NAN"	"NAN"	"NAN"	"NAN"	"NAN"	"NAN"	"NAN"	"NAN"	"NAN"	"NAN"	"NAN"	"NAN"	"NAN"	"NAN"	"NAN"	"NAN"	"NAN"	"NAN"	"NAN"	"NAN"	"NAN"	"NAN"	"NAN"	"NAN"	"NAN"	"NAN"	"NAN"	"NAN"	"NAN"	"NAN"	"NAN"	"NAN"	"NAN"	"NAN"	"NAN"
"Щербакова І. В."	"Побоювання як складова соціальних уявлень про міліцію: обґрунтування теоретико-методологічних засад"	"Право і безпека: науковий журнал. – 2009 - Вип. 1. – с. 292-295."	2009	"Стаття"	"Україна"	"NAN"	1	"NAN"	"NAN"	"NAN"	"NAN"	"NAN"	"NAN"	"NAN"	"NAN"	"NAN"	"NAN"	"NAN"	"NAN"	"NAN"	"NAN"	"NAN"	"NAN"	"NAN"	"NAN"	"NAN"	"NAN"	"NAN"	"NAN"	"NAN"	"NAN"	"NAN"	"NAN"	"NAN"	"NAN"	"NAN"	"NAN"	"NAN"	"NAN"	"NAN"	"NAN"	"NAN"	"NAN"
"Панченко Т.С."	"Правова свідомість як міждисциплінарний феномен"	"Вісник Чернігівського національного педагогічного університету. В. 94, Т. 2, Серія: Психологічні науки, 2011. С .68-72."	2011	"Стаття"	"Україна"	"NAN"	1	"NAN"	"NAN"	"NAN"	"NAN"	"NAN"	"NAN"	"NAN"	"NAN"	"NAN"	"NAN"	"NAN"	"NAN"	"NAN"	"NAN"	"NAN"	"NAN"	"NAN"	"NAN"	"NAN"	"NAN"	"NAN"	"NAN"	"NAN"	"NAN"	"NAN"	"NAN"	"NAN"	"NAN"	"NAN"	"NAN"	"NAN"	"NAN"	"NAN"	"NAN"	"NAN"	"NAN"
"Скуловатова О. В."	"Психологічні детермінанти актуалізації міфологем"	"Збірник наукових праць К ПНУ імені Івана Огієнка, Інституту психології ім. Г.С.Костюка АПН України. Проблеми сучасної психології. 2010. Випуск 9, С. 533-541"	2010	"Стаття"	"Україна"	"NAN"	1	"NAN"	"NAN"	"NAN"	"NAN"	"NAN"	"NAN"	"NAN"	"NAN"	"NAN"	"NAN"	"NAN"	"NAN"	"NAN"	"NAN"	"NAN"	"NAN"	"NAN"	"NAN"	"NAN"	"NAN"	"NAN"	"NAN"	"NAN"	"NAN"	"NAN"	"NAN"	"NAN"	"NAN"	"NAN"	"NAN"	"NAN"	"NAN"	"NAN"	"NAN"	"NAN"	"NAN"
"Кондратьєв В.О., Савчук О.В."	"Особливості формування правової свідомості в сучасному соціумі України"	"Інтелект. Особистість. Цивілізація  [Текст]  : Темат. зб. наук. пр. із  соц.-філос.  пробл.  Вип.  8 /  голов.  ред.  О.О.  Шубін. Донецьк: ДонНУЕТ, 2010. - 510с."	2010	"Стаття"	"Україна"	"NAN"	1	"NAN"	"NAN"	"NAN"	"NAN"	"NAN"	"NAN"	"NAN"	"NAN"	"NAN"	"NAN"	"NAN"	"NAN"	"NAN"	"NAN"	"NAN"	"NAN"	"NAN"	"NAN"	"NAN"	"NAN"	"NAN"	"NAN"	"NAN"	"NAN"	"NAN"	"NAN"	"NAN"	"NAN"	"NAN"	"NAN"	"NAN"	"NAN"	"NAN"	"NAN"	"NAN"	"NAN"
"Кривоконь Н. І."	"Проблеми людей з функціональними обмеженнями в уявленнях студентської молоді"	"Проблеми політичної психології та її роль у становленні громадянина Української держави : зб. наук. пр. – К. : Міленіум, 2010. – Вип. 10. – С. 236–243."	2010	"Стаття"	"Україна"	"67, 69"		1							1									1																			
"Данильченко Т.В."	"Особливості уявлень про ""красиву жінку"" у жінок різного віку"	"Вісник Чернігівського національного педагогічного університету. Випуск 94. Том ІІ. Серія: Психологічні науки. 2011, С .134-138."	2011	"Стаття"	"Україна"	"122, 59"							1											1			1	1	1	1													
"Стеблецький А. Л."	"Актуальні проблеми функціонування педагогічної спільності"	"Збірник наукових праць. Педагогічний процес. Теорія і практика №2, 2012. С. 177-184"	2012	"Стаття"	"Україна"	"2000, 2000,52"							1	1										1																			
"Литвин-Кіндратюк С. Д."	"Соціально-психологічний аналіз історичних трансформацій ритуалізованої поведінки особистості"	"Збірник статей / АПН України, Ін-т соціальної та політичної психології; Редкол.: С.Д.Максименко, М.М.Слюсаревський та ін. — К.: ТОВ «Видавництво ""Сталь""», 2011.— 287 с."	2011	"Стаття"	"Україна"	"NAN"	1	"NAN"	"NAN"	"NAN"	"NAN"	"NAN"	"NAN"	"NAN"	"NAN"	"NAN"	"NAN"	"NAN"	"NAN"	"NAN"	"NAN"	"NAN"	"NAN"	"NAN"	"NAN"	"NAN"	"NAN"	"NAN"	"NAN"	"NAN"	"NAN"	"NAN"	"NAN"	"NAN"	"NAN"	"NAN"	"NAN"	"NAN"	"NAN"	"NAN"	"NAN"	"NAN"	"NAN"
"Гера Т. І."	"Теорія соціального пізнання в обґрунтуванні соціально-перцептивного тренінгу педагогів"	"Матеріали міжнародної науково-практичної конференції “Психологія особистості: теорія, досвід, практика” 25 – 26 вересня 2009 р. Одеса. – Наука і освіта. – №8 (жовтень). – 2009. –  С. 105-109."	2009	"Стаття"	"Україна"	"NAN"	1	"NAN"	"NAN"	"NAN"	"NAN"	"NAN"	"NAN"	"NAN"	"NAN"	"NAN"	"NAN"	"NAN"	"NAN"	"NAN"	"NAN"	"NAN"	"NAN"	"NAN"	"NAN"	"NAN"	"NAN"	"NAN"	"NAN"	"NAN"	"NAN"	"NAN"	"NAN"	"NAN"	"NAN"	"NAN"	"NAN"	"NAN"	"NAN"	"NAN"	"NAN"	"NAN"	"NAN"
"Мейжис І.А., Гожий О.П., Єрещенко В.О., Козуб О."	"Використання методу рангових решіток у дослідженнях соціальних проблем"	"Наукові праці: Науково-методичний журнал. – Т. 134. Вип. 121. Комп’ютерні технології. – Миколаїв: Вид-во ЧДУ ім. Петра Могили, 2010. – 240 с."	2010	"Стаття"	"Україна"	"NAN"																					1																
"Калюжна А. А."	"Уявлення про дружбу як детермінанту відношення до оточуючих у старшому підлітковому віці"	"Гуманізація  навчально-виховного  процесу — Спецвипуск  3 — Слов’янськ , 2010 —С. 129-135."	2010	"Стаття"	"Україна"	52																		1	1																		
"Дроздов О. Ю."	"З досвіду використання асоціативного методу при вивченні геополітичної свідомості"	"Вісник Національної академії Державної прикордонної служби України №5, 2012. Психологічні науки."	2012	"Стаття"	"Україна"	"100,100,100"			1															1				1			1												
"Дідук І. А."	"Пізнання дитиною реальності у психологічному просторі дитячої анімації"	"Наукові студії із соціальної та політичної психології. Збірник наукових праць."	2009	"Стаття"	"Україна"	"NAN"	1	"NAN"	"NAN"	"NAN"	"NAN"	"NAN"	"NAN"	"NAN"	"NAN"	"NAN"	"NAN"	"NAN"	"NAN"	"NAN"	"NAN"	"NAN"	"NAN"	"NAN"	"NAN"	"NAN"	"NAN"	"NAN"	"NAN"	"NAN"	"NAN"	"NAN"	"NAN"	"NAN"	"NAN"	"NAN"	"NAN"	"NAN"	"NAN"	"NAN"	"NAN"	"NAN"	"NAN"
"Орап М. О."	"Мовна картина світу як феномен когнітивної соціальної психології"	"Наукові студії із соціальної та політичної психології: зб. ст./ Нац. акад. пед. наук України, Ін-т соц. та політ. психології ; [редкол. : Т. М. Титаренко (голова) та ін.]. Вип. 27 (30). С. 273-281"	2009	"Стаття"	"Україна"	"NAN"	1	"NAN"	"NAN"	"NAN"	"NAN"	"NAN"	"NAN"	"NAN"	"NAN"	"NAN"	"NAN"	"NAN"	"NAN"	"NAN"	"NAN"	"NAN"	"NAN"	"NAN"	"NAN"	"NAN"	"NAN"	"NAN"	"NAN"	"NAN"	"NAN"	"NAN"	"NAN"	"NAN"	"NAN"	"NAN"	"NAN"	"NAN"	"NAN"	"NAN"	"NAN"	"NAN"	"NAN"
"Трибулькевич К. Г."	"Дослідження проблеми студентського самоврядування: філософський та соціологічний аспект"	"Збірник наукових праць. Слов’янськ. СДПУ. 2011. - 287 с. За заг. ред. В.І. Сипченка, кандидат психологічних наук, професор."	2011	"Стаття"	"Україна"	"NAN"	1	"NAN"	"NAN"	"NAN"	"NAN"	"NAN"	"NAN"	"NAN"	"NAN"	"NAN"	"NAN"	"NAN"	"NAN"	"NAN"	"NAN"	"NAN"	"NAN"	"NAN"	"NAN"	"NAN"	"NAN"	"NAN"	"NAN"	"NAN"	"NAN"	"NAN"	"NAN"	"NAN"	"NAN"	"NAN"	"NAN"	"NAN"	"NAN"	"NAN"	"NAN"	"NAN"	"NAN"
"Кулешова О. В."	"Теоретичні основи вивчення соціального пізнання та самореалізації особистості"	"Збірник наукових праць. Хмельницького інституту соціальних технологій Університету ""Україна"" №1, 2009. С. 59-63"	2009	"Стаття"	"Україна"	"NAN"	1	"NAN"	"NAN"	"NAN"	"NAN"	"NAN"	"NAN"	"NAN"	"NAN"	"NAN"	"NAN"	"NAN"	"NAN"	"NAN"	"NAN"	"NAN"	"NAN"	"NAN"	"NAN"	"NAN"	"NAN"	"NAN"	"NAN"	"NAN"	"NAN"	"NAN"	"NAN"	"NAN"	"NAN"	"NAN"	"NAN"	"NAN"	"NAN"	"NAN"	"NAN"	"NAN"	"NAN"
"Семенів Н. М."	"Етнопсихологічні аспекти міжособистісної взаємодії в структурі розвитку соціальних установок"	"Збірник наукових праць Інституту психології імені Г.С.Костюка НАПНУ. С. 204-211"	2011	"Стаття"	"Україна"	"NAN"	1	"NAN"	"NAN"	"NAN"	"NAN"	"NAN"	"NAN"	"NAN"	"NAN"	"NAN"	"NAN"	"NAN"	"NAN"	"NAN"	"NAN"	"NAN"	"NAN"	"NAN"	"NAN"	"NAN"	"NAN"	"NAN"	"NAN"	"NAN"	"NAN"	"NAN"	"NAN"	"NAN"	"NAN"	"NAN"	"NAN"	"NAN"	"NAN"	"NAN"	"NAN"	"NAN"	"NAN"
"Васильченко О. М."	"Методи психосемантики в дослідженні соціальних уявлень"	"Соціальна психологія. – 2004. – №2. – С. 19-37."	2004	"Стаття"	"Україна"	200																					1			1													
"Скнар О. М."	"Особливості етносоціальних уявлень молоді"	"Соціальна психологія : Український науково-практичний журнал. - 2007. - N 3. - С. 58-66"	2007	"Стаття"	"Україна"	"47, 37, 15"		1	1			1	1					1	1	1			1				1																
"Дроздова М. А."	"Особливості уявлень студентів про жінок-політиків"	"Соціальна психологія : Український науково-практичний журнал. - 2007. - N 3. - С. 108-115."	2007	"Стаття"	"Україна"	129							1											1			1																
"Полукєєва Н. О."	"Особливості гендерної ідентифікації у старшому підлітковому віці"	"Гуманізація навчально-виховного процесу. Спецвипуск 3. Слов’янськ– 2010. С. 113-120"	2007	"Стаття"	"Україна"	"NAN"	1	"NAN"	"NAN"	"NAN"	"NAN"	"NAN"	"NAN"	"NAN"	"NAN"	"NAN"	"NAN"	"NAN"	"NAN"	"NAN"	"NAN"	"NAN"	"NAN"	"NAN"	"NAN"	"NAN"	"NAN"	"NAN"	"NAN"	"NAN"	"NAN"	"NAN"	"NAN"	"NAN"	"NAN"	"NAN"	"NAN"	"NAN"	"NAN"	"NAN"	"NAN"	"NAN"	"NAN"
"Свєженцева Ю.О., Щербакова І.В."	"Уміння управляти соціальними уявленнями, побоюваннями та заслуговувати довіру як складові професіоналізму працівника міліції"	"Вісник Національного університету внутрішніх справ. Вип. 28. – Х.: Нац. ун-т внутр. справ, 2004. – с. 391-396"	2004	"Стаття"	"Україна"	"NAN"	1	"NAN"	"NAN"	"NAN"	"NAN"	"NAN"	"NAN"	"NAN"	"NAN"	"NAN"	"NAN"	"NAN"	"NAN"	"NAN"	"NAN"	"NAN"	"NAN"	"NAN"	"NAN"	"NAN"	"NAN"	"NAN"	"NAN"	"NAN"	"NAN"	"NAN"	"NAN"	"NAN"	"NAN"	"NAN"	"NAN"	"NAN"	"NAN"	"NAN"	"NAN"	"NAN"	"NAN"
"Москаленко В.В."	"Образ «людини економічної» у формуванні економічної культури особистості"	"Проблеми загальної та педагогічної психології. Том XII, ч. 1. - 2010. С. 404-414"	2010	"Стаття"	"Україна"	"NAN"	1	"NAN"	"NAN"	"NAN"	"NAN"	"NAN"	"NAN"	"NAN"	"NAN"	"NAN"	"NAN"	"NAN"	"NAN"	"NAN"	"NAN"	"NAN"	"NAN"	"NAN"	"NAN"	"NAN"	"NAN"	"NAN"	"NAN"	"NAN"	"NAN"	"NAN"	"NAN"	"NAN"	"NAN"	"NAN"	"NAN"	"NAN"	"NAN"	"NAN"	"NAN"	"NAN"	"NAN"
"Пашина, Н. П."	"Політична ідентичність особи: соціально-психологічний підхід"	" Гілея. Історичні науки. Філософські науки. Політичні науки : Наук. вісник : зб. наук. праць / Нац. пед. ун-т ім. М. П. Драгоманова, Українська АН. - К. : Вид-во НПУ ім. М. П. Драгоманова, 2010. - Вип. 35. - С. 409-416"	2010	"Стаття"	"Україна"	"NAN"	1	"NAN"	"NAN"	"NAN"	"NAN"	"NAN"	"NAN"	"NAN"	"NAN"	"NAN"	"NAN"	"NAN"	"NAN"	"NAN"	"NAN"	"NAN"	"NAN"	"NAN"	"NAN"	"NAN"	"NAN"	"NAN"	"NAN"	"NAN"	"NAN"	"NAN"	"NAN"	"NAN"	"NAN"	"NAN"	"NAN"	"NAN"	"NAN"	"NAN"	"NAN"	"NAN"	"NAN"
"Горбачова О. В."	"Феномен ксенофобії крізь призму соціологічних теорій та пояснень"	"Методологія, теорія та практика соціологічного аналізу сучасного суспільства. Збірник наукових праць. - 2010. С. 273-276"	2010	"Стаття"	"Україна"	"NAN"	1	"NAN"	"NAN"	"NAN"	"NAN"	"NAN"	"NAN"	"NAN"	"NAN"	"NAN"	"NAN"	"NAN"	"NAN"	"NAN"	"NAN"	"NAN"	"NAN"	"NAN"	"NAN"	"NAN"	"NAN"	"NAN"	"NAN"	"NAN"	"NAN"	"NAN"	"NAN"	"NAN"	"NAN"	"NAN"	"NAN"	"NAN"	"NAN"	"NAN"	"NAN"	"NAN"	"NAN"
"Полісаєв О.П."	"Матеріалістична інтерпретація міфів та аналіз сучасних методологічних підходів"	"Гілея. Історичні науки. Філософські науки. Політичні науки : Наук. вісник : зб. наук. праць / Нац. пед. ун-т ім. М. П. Драгоманова, Українська АН. - К. : Вид-во НПУ ім. М. П. Драгоманова, 2011. - Вип. 43 (1). - С. 216-224"	2011	"Стаття"	"Україна"	"NAN"	1	"NAN"	"NAN"	"NAN"	"NAN"	"NAN"	"NAN"	"NAN"	"NAN"	"NAN"	"NAN"	"NAN"	"NAN"	"NAN"	"NAN"	"NAN"	"NAN"	"NAN"	"NAN"	"NAN"	"NAN"	"NAN"	"NAN"	"NAN"	"NAN"	"NAN"	"NAN"	"NAN"	"NAN"	"NAN"	"NAN"	"NAN"	"NAN"	"NAN"	"NAN"	"NAN"	"NAN"
"Охременко О. Р."	"Актуальні проблеми дефініцій: свідомість, самосвідомість і «Я»- концепція"	"Вісник Національної академії оборони України4(12) - 2009. С. 113-117"	2009	"Стаття"	"Україна"	"NAN"	1	"NAN"	"NAN"	"NAN"	"NAN"	"NAN"	"NAN"	"NAN"	"NAN"	"NAN"	"NAN"	"NAN"	"NAN"	"NAN"	"NAN"	"NAN"	"NAN"	"NAN"	"NAN"	"NAN"	"NAN"	"NAN"	"NAN"	"NAN"	"NAN"	"NAN"	"NAN"	"NAN"	"NAN"	"NAN"	"NAN"	"NAN"	"NAN"	"NAN"	"NAN"	"NAN"	"NAN"
"Литвин-Кіндратюк С. Д."	"Трансформація соціальних уявлень у процесі психолого-історичної реконструкції образу міста"	"Актуальні проблеми психології. Збірник наукових праць. Том 7. Екологічна психологія. 2009 — Випуск 20. Частина 1. С. 245-248"	2009	"Стаття"	"Україна"	65									1			1		1								1															
"Борець Ю.В., Скребець В.О."	"Моральні та правові норми регулювання життєдіяльності у свідомості старшокласників"	"Вісник Чернігівського національного педагогічного університету. Випуск 82. Том І. Серія: Психологічні науки. Режим доступу: http://archive.nbuv.gov.ua/portal/soc_gum/vchdpu/psy/2010_82_1/Borets.pdf"	2010	"Стаття"	"Україна"	42							1		1									1																			
"Шаюк О. Я."	"Особливості психологічної структури професійної толерантності майбутніх економістів"	"Психологія і суспільство. – 2011. – №3. – С. 28–65."	2011	"Стаття"	"Україна"	"NAN"	1	"NAN"	"NAN"	"NAN"	"NAN"	"NAN"	"NAN"	"NAN"	"NAN"	"NAN"	"NAN"	"NAN"	"NAN"	"NAN"	"NAN"	"NAN"	"NAN"	"NAN"	"NAN"	"NAN"	"NAN"	"NAN"	"NAN"	"NAN"	"NAN"	"NAN"	"NAN"	"NAN"	"NAN"	"NAN"	"NAN"	"NAN"	"NAN"	"NAN"	"NAN"	"NAN"	"NAN"
"Мальцева, К. С."	"Дослідження гендерних стереотипів: конфліктність у міжгруповій та крос-культурній взаємодії (до питання про методологію) "	"Магістеріум. Вип. 5: Культурологія. - 2000. С. 90-98"	2000	"Стаття"	"Україна"	"NAN"																																					
"Бефани А. А."	"Явления обыденного сознания как предмет социально-психологических исследований"	"Вісник Одеського національного університету. Психологія. Том 16. Випуск 11. Частина 2. 2011. с. 13-23"	2011	"Стаття"	"Україна"	"NAN"	1	"NAN"	"NAN"	"NAN"	"NAN"	"NAN"	"NAN"	"NAN"	"NAN"	"NAN"	"NAN"	"NAN"	"NAN"	"NAN"	"NAN"	"NAN"	"NAN"	"NAN"	"NAN"	"NAN"	"NAN"	"NAN"	"NAN"	"NAN"	"NAN"	"NAN"	"NAN"	"NAN"	"NAN"	"NAN"	"NAN"	"NAN"	"NAN"	"NAN"	"NAN"	"NAN"	"NAN"
"Шаюк О. Я."	"Когнітивний компонент толерантності особистості"	"Збірник наукових праць № 55. Серія : педагогічні та психологічні науки / гол. ред. Романишина Л. М. – Хмельницький : Видавництво НАДПСУ, 2010. – С. 227–230."	2010	"Стаття"	"Україна"	"NAN"	1	"NAN"	"NAN"	"NAN"	"NAN"	"NAN"	"NAN"	"NAN"	"NAN"	"NAN"	"NAN"	"NAN"	"NAN"	"NAN"	"NAN"	"NAN"	"NAN"	"NAN"	"NAN"	"NAN"	"NAN"	"NAN"	"NAN"	"NAN"	"NAN"	"NAN"	"NAN"	"NAN"	"NAN"	"NAN"	"NAN"	"NAN"	"NAN"	"NAN"	"NAN"	"NAN"	"NAN"
"Кленчу А. М."	"Специфіка основних детермінант атрактивності у дівчат старшого юнацького віку"	"Вісник Чернігівського нац. пед. ун-ту: Зб. статей. Серія «Психологічні науки». – Чернігів, 2010. – Випуск 82. Т.1. – С. 221–224."	2010	"Стаття"	"Україна"	326						1	1											1	1		1																
"Колесніков М. П."	"Свобода особистості в процесі її соціалізації"	"Вісник Національної юридичної академії України ім. Ярослава Мудрого. Сер. Філософія, філософія права, політологія, соціологія. 2010. №4. -Х.:Право, 2010.-С.122-131"	2010	"Стаття"	"Україна"	"NAN"	1	"NAN"	"NAN"	"NAN"	"NAN"	"NAN"	"NAN"	"NAN"	"NAN"	"NAN"	"NAN"	"NAN"	"NAN"	"NAN"	"NAN"	"NAN"	"NAN"	"NAN"	"NAN"	"NAN"	"NAN"	"NAN"	"NAN"	"NAN"	"NAN"	"NAN"	"NAN"	"NAN"	"NAN"	"NAN"	"NAN"	"NAN"	"NAN"	"NAN"	"NAN"	"NAN"	"NAN"
"Мусиездов А. А."	"Идентичность города: образ Харькова в представлениях харьковчан (по материалам интервью)"	"Вісник Харківського національного університету імені В. Н. Каразіна 881. Соціологічні дослідження сучасного суспільства: методологія, теорія, методи. Випуск 24. - 2009. С. 154-159."	2009	"Стаття"	"Україна"	19									1			1																									
"Гайдук Н.О."	"Іміджмейкінг педагога фізичної культури як об'єкт педагогічного аналізу"	"Вісник ЛНУ ім. Т. Шевченка №15 (202), серпень, Луганськ. - 2010. С. 5-16"	2010	"Стаття"	"Україна"	"NAN"	1	"NAN"	"NAN"	"NAN"	"NAN"	"NAN"	"NAN"	"NAN"	"NAN"	"NAN"	"NAN"	"NAN"	"NAN"	"NAN"	"NAN"	"NAN"	"NAN"	"NAN"	"NAN"	"NAN"	"NAN"	"NAN"	"NAN"	"NAN"	"NAN"	"NAN"	"NAN"	"NAN"	"NAN"	"NAN"	"NAN"	"NAN"	"NAN"	"NAN"	"NAN"	"NAN"	"NAN"
"Пономаренко Л. П., Зуб М. В."	"Социальные представления студенческой молодежи о профессии психолога"	"Наука і освіта. -Одеса:Півд. наук. Центр АПН України, 2009,N № 6.-С.174-177"	2009	"Стаття"	"Україна"	"NAN"			1				1	1										1																			
"Сила Т. І."	"Особливості суб’єктних характеристик учасників професійної інтеракції у соціальній роботі"	"Соціальна психологія. – 2005. – № 3. – С. 98-114."	2005	"Стаття"	"Україна"	"164, 90"						1	1											1	1																		
"Ластовецька-Соланська З. М."	"Роль традиції та національних цінностей у духовній культурі українців"	"Науковий вісник Національної музичної академії України імені П.І.Чайковського. Випуск 85. Духовна культура України: традиції та сучасність. 2010. С. 36-50"	2010	"Стаття"	"Україна"	"NAN"																																					
"Грабовська С. Л."	"Ідеальний політичний лідер в уяві студентів"	"Соц. психологія. - 2006. - № 4. - С. 28-37."	2006	"Стаття"	"Україна"	"96, 128, 124"								1				1		1				1																			
"Тимощук І. Г."	"Відповідальність як полікомпонентне утворення в структурі уявлень про майбутню професію"	"Соц. психологія . - 2006. - № 4. - С. 129-136."	2006	"Стаття"	"Україна"	189			1																		1			1													
"Дроздов О. Ю."	"Студентська молодь і комп'ютерні технології"	"Соціальна психологія. – 2005. – № 2 (10). – C. 150–159."	2005	"Стаття"	"Україна"	148		1				1	1					1						1			1																
"Вольфовська Т. О."	"Формування соціальних уявлень молоді про взаємодію в спільноті"	"Соціальна психологія. – 2007. – №2. – С.101-112."	2007	"Стаття"	"Україна"	2517								1						1			1	1			1																
"Залеський З., Рожновський Б., Хлевінський З."	"Соціальна перцепція національностей у Центрально-Східній Європі"	"Соціальна психологія. -Київ:Український центр політичного менеджменту., 2004,N №6"	2004	"Стаття"	"Україна"	800														1				1																			
"Дроздов О. Ю."	"Комп'ютерні хакери в уявленнях та оцінках молоді"	"Соціальна психологія. - 2004. - № 6. - С. 161-171."	2004	"Стаття"	"Україна"	148						1	1					1						1																			
"Хоменко М. О."	"Образ політичного лідера в уявленні студентів"	"Соціальна психологія. – 2004. – № 1. – С. 46 – 52."	2004	"Стаття"	"Україна"	120						1								1				1	1		1																
"Пономаренко Л. П."	"Особливості соціальних уявлень громадянок України та США (крос-культурний аналіз)"	"Соціальна психологія. – К., 2004. – № 1(3). – С. 101–109."	2004	"Стаття"	"Україна"	200								1						1				1	1		1																
"Дідук І. А."	"Становлення правової свідомості особистості в сучасних соціокультурних умовах"	"Соціальна психологія – К., 2006. - № 6. – С. 105-115."	2006	"Стаття"	"Україна"	"NAN"	1	"NAN"	"NAN"	"NAN"	"NAN"	"NAN"	"NAN"	"NAN"	"NAN"	"NAN"	"NAN"	"NAN"	"NAN"	"NAN"	"NAN"	"NAN"	"NAN"	"NAN"	"NAN"	"NAN"	"NAN"	"NAN"	"NAN"	"NAN"	"NAN"	"NAN"	"NAN"	"NAN"	"NAN"	"NAN"	"NAN"	"NAN"	"NAN"	"NAN"	"NAN"	"NAN"	"NAN"
"Карп'юк Л. А."	"Колективна психіка як соціально-психологічний феномен"	"Соц. психологія . - 2006. - № 2. - С. 48-57."	2006	"Стаття"	"Україна"	"NAN"	1	"NAN"	"NAN"	"NAN"	"NAN"	"NAN"	"NAN"	"NAN"	"NAN"	"NAN"	"NAN"	"NAN"	"NAN"	"NAN"	"NAN"	"NAN"	"NAN"	"NAN"	"NAN"	"NAN"	"NAN"	"NAN"	"NAN"	"NAN"	"NAN"	"NAN"	"NAN"	"NAN"	"NAN"	"NAN"	"NAN"	"NAN"	"NAN"	"NAN"	"NAN"	"NAN"	"NAN"
"Тоба М. В."	"Нормативний вплив більшості і меншості на динамічне функціонування групи"	"Соц. психологія . - 2006. - № 2. - С. 76-87."	2006	"Стаття"	"Україна"	856																		1	1																		
"Поснова Т. П."	"Динаміка політичних уявлень у структурі ментальності студентів"	"Психологія і суспільство. – 2005. – №3. – С.95-100."	2005	"Стаття"	"Україна"	"NA"								1				1						1																			
"Караваєв В. С."	"До проблеми дослідження національної ідентичності: концептуалізація поняття ""ідентичність"""	"Вісник Одеського національного університету. Т. 16, вип. 8. Соціологія і політичні науки. - 2011. С. 133-140"	2011	"Стаття"	"Україна"	"NAN"	1	"NAN"	"NAN"	"NAN"	"NAN"	"NAN"	"NAN"	"NAN"	"NAN"	"NAN"	"NAN"	"NAN"	"NAN"	"NAN"	"NAN"	"NAN"	"NAN"	"NAN"	"NAN"	"NAN"	"NAN"	"NAN"	"NAN"	"NAN"	"NAN"	"NAN"	"NAN"	"NAN"	"NAN"	"NAN"	"NAN"	"NAN"	"NAN"	"NAN"	"NAN"	"NAN"	"NAN"
"Бурейчак Т. С."	"Рекламні стратегії конструювання нормативних ґендерних дискурсів"	"Вісник Львівського університету: Серія соціологічна. – Львів: ЛНУ ім. Ів. Франка, 2007. – Вип.1. – С. 149-161"	2007	"Стаття"	"Україна"	1046												1						1																			
"Балецька Л. М."	"Детермінанти соціального уявлення про атрибути професійного успіху"	"Науковий вісник ужгородського університету. Серія «економіка». 2012 рік. Випуск 2(36)."	2012	"Стаття"	"Україна"	60						1												1																			
"Назаров О.А."	"Психологічні особливості життєвих цінностей осіб, що вчинили вбивство"	"Вісник Одеського національного університету ім. І.І.Мечникова: т.16 вип.11: у 2 ч.: ч.2: Матеріали Третьої Міжнародної науково-практичної конференції ""Культурно-історичний та соціально-психологічний потенціал особистості в умовах трансформаційних змін у суспільстві"" (16-17 вересня 2011р., м.Одеса) - Одеса: Астропринт, 2011. - С.187-192."	2011	"Стаття"	"Україна"	41						1			1			1						1								1											
"Крюкова О. В., Рибаков В. В."	"Етносоціальні уявлення університетської молоді"	"Вісник Донецького національного університету економіки і торгівлі імені Михайла Туган-Барановського. Науковий журнал. Вип. 2. - 2009. С. 76-80."	2009	"Стаття"	"Україна"	"97, 46, 55"				1		1								1				1																			
"Бевз Г. М."	"Семантичний вимір образу дитини у свідомості дорослого"	"Наука і освіта. -№ 6, Спецвипуск. Вересень, 2009. - С. 190-193"	2009	"Стаття"	"Україна"	1568			1									1						1																			
"Охременко О. Р."	"Формування професійної ідентичності в особливих умовах діяльності"	"Вісник Національної академії оборони України. Збірник наукових праць. Вип. 1, 2009. С. 139-145"	2009	"Стаття"	"Україна"	325								1										1																			
"Москаленко В.В., Міщенко О. О."	"Особливості регулятивної функції соціальних образів"	"Проблеми сучасної психології. 2011. Випуск 11. - С. 499-508"	2011	"Стаття"	"Україна"	"NAN"	1	"NAN"	"NAN"	"NAN"	"NAN"	"NAN"	"NAN"	"NAN"	"NAN"	"NAN"	"NAN"	"NAN"	"NAN"	"NAN"	"NAN"	"NAN"	"NAN"	"NAN"	"NAN"	"NAN"	"NAN"	"NAN"	"NAN"	"NAN"	"NAN"	"NAN"	"NAN"	"NAN"	"NAN"	"NAN"	"NAN"	"NAN"	"NAN"	"NAN"	"NAN"	"NAN"	"NAN"
"Вольфовська Т. О."	"До питання щодо ефективної політичної соціалізації : дослідження стереотипів молоді."	"Проблеми політичної психології та її роль у становленні громадянина Української держави. Збірник наукових праць. Міленіум. Рік: 2009. Сторінок: С. 127-134."	2009	"Стаття"	"Україна"	214								1													1																
"Сич В. О., Сич В. М."	"Взаємозв'язок соціально-демографічних характеристик та особливостей когнітивного компонента в структурі економічного самовизначення"	"Збірник наукових праць К-ПНУ імені Івана Огієнка, Інституту психології імені Г.С.Костюка НАПН України.  Проблеми сучасної психології. 2013. Випуск 20. С. 598-610"	2013	"Стаття"	"Україна"	227							1											1	1			1					1										
"Клопота О. А."	"Аналіз публікацій обласних ЗМІ з проблем людей із обмеженими можливостями здоров'я"	"Педагогіка формування творчої особистості у вищій і загальноосвітній школах : [зб. наук. праць]. / редкол. : Т. І. Сущенко (голов. ред.) та ін. – Запоріжжя. – 2009. – Вип 5 (58) . – С. 62-67."	2009	"Стаття"	"Україна"	355												1						1																			
"Васильченко О. М."	"Репродуктивна ідентичність у структурі Я-концепції осіб зрілого віку"	"Теоретичні і прикладні проблеми психології. Збірник наукових праць. Вип. 2. 2012. С. 82-89."	2012	"Стаття"	"Україна"	400				1		1						1						1																			
"Жадан І. В."	"Соціальне научання як механізм політичної соціалізації молоді в процесі модернізації освіти"	"Наукові студії із соціальної та політичної психології : зб. статей. – К. : Міленіум, 2009. – Вип. 19(22). – С. 231–239."	2009	"Стаття"	"Україна"	"NAN"	1	"NAN"	"NAN"	"NAN"	"NAN"	"NAN"	"NAN"	"NAN"	"NAN"	"NAN"	"NAN"	"NAN"	"NAN"	"NAN"	"NAN"	"NAN"	"NAN"	"NAN"	"NAN"	"NAN"	"NAN"	"NAN"	"NAN"	"NAN"	"NAN"	"NAN"	"NAN"	"NAN"	"NAN"	"NAN"	"NAN"	"NAN"	"NAN"	"NAN"	"NAN"	"NAN"	"NAN"
"Онисько О. О."	"Особливості “Я–концепції” як чинник формування віктимної поведінки"	"Збірник наукових праць К ПНУ імені Івана Огієнка, Інституту психології ім. Г.С.Костюка НАПН України. Проблеми сучасної психології. 2012. Випуск 18. С. 577-586"	2012	"Стаття"	"Україна"	"NAN"	1	"NAN"	"NAN"	"NAN"	"NAN"	"NAN"	"NAN"	"NAN"	"NAN"	"NAN"	"NAN"	"NAN"	"NAN"	"NAN"	"NAN"	"NAN"	"NAN"	"NAN"	"NAN"	"NAN"	"NAN"	"NAN"	"NAN"	"NAN"	"NAN"	"NAN"	"NAN"	"NAN"	"NAN"	"NAN"	"NAN"	"NAN"	"NAN"	"NAN"	"NAN"	"NAN"	"NAN"
"Бондарчук О. І."	"Психологічні проблеми соціалізації освітян в умовах соціально-економічних трансформацій"	"Актуальні проблеми психології : зб. наук. праць Інституту психології ім. Г.С. Костюка АПН України / ред. С.Д. Максименка,. – К., 2009. – Т. ІХ, Ч. 2. – С. 35–44."	2009	"Стаття"	"Україна"	"NAN"	1	"NAN"	"NAN"	"NAN"	"NAN"	"NAN"	"NAN"	"NAN"	"NAN"	"NAN"	"NAN"	"NAN"	"NAN"	"NAN"	"NAN"	"NAN"	"NAN"	"NAN"	"NAN"	"NAN"	"NAN"	"NAN"	"NAN"	"NAN"	"NAN"	"NAN"	"NAN"	"NAN"	"NAN"	"NAN"	"NAN"	"NAN"	"NAN"	"NAN"	"NAN"	"NAN"	"NAN"
"Сторож О. В."	"Аналіз основних теоретико-методологічних підходів до вивчення соціалізації особистості"	"Проблеми загальної та педагогічної психології : зб. наук. праць Ін-ту психології ім. Г. С. Костюка АПН України / за ред. С. Д. Максименка. – К., 2009. – Т. XІ, ч. 2. – С. 413–423."	2009	"Стаття"	"Україна"	"NAN"																																					
"Францев А.Н., Михайлов В.В."	"Коннотативная причастность как инструмент формирования группового мнения"	"Ін-т психології ім. Г.С. Костюка НАПН України, Київ.  Збірник наукових праць Інституту психології імені Г.С. Костюка НАПН України. Актуальні проблеми психології. Т. 1, вип. 35/36. 2012. - С. 147-153"	2012	"Стаття"	"Україна"	7			1					1										1																			
"Хітрова Т. В."	"Соціокомунікативні технології формування історичної. пам'яті в радянському комунікативному середовищі"	"Образ : щорічний науковий збірник / голова редкол. В. Різун, голов. ред. Н. Сидоренко ; Інститут журналістики КНУ імені Тараса Шевченка. – К., 2013. – Вип. 14 – 114 с., С. 25-33"	2013	"Стаття"	"Україна"	"NAN"	1	"NAN"	"NAN"	"NAN"	"NAN"	"NAN"	"NAN"	"NAN"	"NAN"	"NAN"	"NAN"	"NAN"	"NAN"	"NAN"	"NAN"	"NAN"	"NAN"	"NAN"	"NAN"	"NAN"	"NAN"	"NAN"	"NAN"	"NAN"	"NAN"	"NAN"	"NAN"	"NAN"	"NAN"	"NAN"	"NAN"	"NAN"	"NAN"	"NAN"	"NAN"	"NAN"	"NAN"
"Донченко О. А."	"Колективне психічне у соціальному повсякденні"	"Соціальна психологія : Український науковий журнал. - 2008. - N 1. - С. 3-14"	2008	"Стаття"	"Україна"	"NAN"	1	"NAN"	"NAN"	"NAN"	"NAN"	"NAN"	"NAN"	"NAN"	"NAN"	"NAN"	"NAN"	"NAN"	"NAN"	"NAN"	"NAN"	"NAN"	"NAN"	"NAN"	"NAN"	"NAN"	"NAN"	"NAN"	"NAN"	"NAN"	"NAN"	"NAN"	"NAN"	"NAN"	"NAN"	"NAN"	"NAN"	"NAN"	"NAN"	"NAN"	"NAN"	"NAN"	"NAN"
"Борисов В., Бобилева Я."	"Формування іміджу аграрної галузі в сучасній Україні"	"Психологія. Гуманізація навчально-виховного процесу. Випуск LVІ. Слов'янськ – 2011"	2011	"Стаття"	"Україна"	"NAN"	1	"NAN"	"NAN"	"NAN"	"NAN"	"NAN"	"NAN"	"NAN"	"NAN"	"NAN"	"NAN"	"NAN"	"NAN"	"NAN"	"NAN"	"NAN"	"NAN"	"NAN"	"NAN"	"NAN"	"NAN"	"NAN"	"NAN"	"NAN"	"NAN"	"NAN"	"NAN"	"NAN"	"NAN"	"NAN"	"NAN"	"NAN"	"NAN"	"NAN"	"NAN"	"NAN"	"NAN"
"Бурейчак Т. С."	"Кризовий досвід українських чоловіків в мас-медійних репрезентаціях"	"Вісник Харківського національного університету ім. В. Н. Каразіна. Серія: Соціологічні дослідження сучасного суспільства: методологія, теорія, методи. Збірник наукових праць. – Харків: Вид. центр Харківського національного університету імені В.Н.Каразіна, 2011.  – № 941. – С. 193-200."	2011	"Стаття"	"Україна"	35					1							1						1																			
"Коробка, Л. М."	"Психологічна технологія розвитку ціннісного ставлення людини до здоров'я"	"Вісник Чернігівського національного педагогічного університету. Випуск 94. Том ІІ. Серія: Психологічні науки. 2011. С. 201-204"	2011	"Стаття"	"Україна"	"NAN"	1	"NAN"	"NAN"	"NAN"	"NAN"	"NAN"	"NAN"	"NAN"	"NAN"	"NAN"	"NAN"	"NAN"	"NAN"	"NAN"	"NAN"	"NAN"	"NAN"	"NAN"	"NAN"	"NAN"	"NAN"	"NAN"	"NAN"	"NAN"	"NAN"	"NAN"	"NAN"	"NAN"	"NAN"	"NAN"	"NAN"	"NAN"	"NAN"	"NAN"	"NAN"	"NAN"	"NAN"
"Чебикін О. Я., Кленчу А. М."	"Емоційно-комунікативні особливості атрактивності як передумови формування основ іміджу в майбутніх вчителів"	"Наука і освіта : наук.-практ. журн. Півд. наук. Центру НАПН України. - 2011. - № 9(Психологія). - С. 266-271"	2011	"Стаття"	"Україна"	326						1		1										1	1			1															
"Шедяков В. Є."	"Використання діапазону можливостей інформаційного простору при створенні умов переходу до нового Модерну"	"Вісник Одеського національного університету. Т. 16, вип. 10. Соціологія і політичні науки. - 2011. С. 119-129"	2011	"Стаття"	"Україна"	"NAN"	1	"NAN"	"NAN"	"NAN"	"NAN"	"NAN"	"NAN"	"NAN"	"NAN"	"NAN"	"NAN"	"NAN"	"NAN"	"NAN"	"NAN"	"NAN"	"NAN"	"NAN"	"NAN"	"NAN"	"NAN"	"NAN"	"NAN"	"NAN"	"NAN"	"NAN"	"NAN"	"NAN"	"NAN"	"NAN"	"NAN"	"NAN"	"NAN"	"NAN"	"NAN"	"NAN"	"NAN"
"Федорів Т. В."	"«Репутація країни» та «державний брендинг» як категорії науки державного управління"	"Державне управління та місцеве самоврядування Вип. 2 (9) 2011. "	2011	"Стаття"	"Україна"	"NAN"	1	"NAN"	"NAN"	"NAN"	"NAN"	"NAN"	"NAN"	"NAN"	"NAN"	"NAN"	"NAN"	"NAN"	"NAN"	"NAN"	"NAN"	"NAN"	"NAN"	"NAN"	"NAN"	"NAN"	"NAN"	"NAN"	"NAN"	"NAN"	"NAN"	"NAN"	"NAN"	"NAN"	"NAN"	"NAN"	"NAN"	"NAN"	"NAN"	"NAN"	"NAN"	"NAN"	"NAN"
"Сніжко А. М."	"Успішна жінка: український вимір"	"Дослідження з лексикології і граматики української мови : Збірник наукових праць / М-во освіти і науки України, Дніпропетровський нац. ун-т. - Дніпропетровськ : Пороги, 2007. - Вип. 6. - С. 153-159."	2007	"Стаття"	"Україна"	"NAN"	1	"NAN"	"NAN"	"NAN"	"NAN"	"NAN"	"NAN"	"NAN"	"NAN"	"NAN"	"NAN"	"NAN"	"NAN"	"NAN"	"NAN"	"NAN"	"NAN"	"NAN"	"NAN"	"NAN"	"NAN"	"NAN"	"NAN"	"NAN"	"NAN"	"NAN"	"NAN"	"NAN"	"NAN"	"NAN"	"NAN"	"NAN"	"NAN"	"NAN"	"NAN"	"NAN"	"NAN"
"Царькова В."	"Психологічне здоров'я особистості : соціально-психологічний аспект"	"Гуманізація навчально-виховного процесу. Спецвипуск 9. Слов’янськ– 2012. С. 205-210"	2012	"Стаття"	"Україна"	"NAN"	1	"NAN"	"NAN"	"NAN"	"NAN"	"NAN"	"NAN"	"NAN"	"NAN"	"NAN"	"NAN"	"NAN"	"NAN"	"NAN"	"NAN"	"NAN"	"NAN"	"NAN"	"NAN"	"NAN"	"NAN"	"NAN"	"NAN"	"NAN"	"NAN"	"NAN"	"NAN"	"NAN"	"NAN"	"NAN"	"NAN"	"NAN"	"NAN"	"NAN"	"NAN"	"NAN"	"NAN"
"Гурьянов Ю. Н., Гайворонская А. А."	"Содержание социальных представлений об образе руководителя у студентов"	"Вісник Одеського національного університету. Психологія. Т. 15, вип. 11. Частина 1. - 2010. - С. 235-240"	2010	"Стаття"	"Україна"	31									1			1						1																			
"Глазунова С. М."	"Політичні міфи як чинник мотивації політичного вибору в контексті інтеграційних процесів в Україні"	"Проблеми політичної психології та її роль у становленні громадянина Української держави. – К.: Міленіум, 2008. – Вип. 8. – С. 23-33."	2008	"Стаття"	"Україна"	60														1							1																
"Зубіашвілі. І.К."	"Проблема економічної соціалізації в психології"	"Проблеми сучасної психології. Вип. 7, –2010. – С.219-229."	2010	"Стаття"	"Україна"	"NAN"	1	"NAN"	"NAN"	"NAN"	"NAN"	"NAN"	"NAN"	"NAN"	"NAN"	"NAN"	"NAN"	"NAN"	"NAN"	"NAN"	"NAN"	"NAN"	"NAN"	"NAN"	"NAN"	"NAN"	"NAN"	"NAN"	"NAN"	"NAN"	"NAN"	"NAN"	"NAN"	"NAN"	"NAN"	"NAN"	"NAN"	"NAN"	"NAN"	"NAN"	"NAN"	"NAN"	"NAN"
"Толстоухова І. О."	"Репутація Української держави: теоретико-методологічні та практичні аспекти"	"Наукове видання. Збірник наукових праць. Гілея:науковий вісник. Вип. 68. 2013."	2013	"Стаття"	"Україна"	"NAN"	1	"NAN"	"NAN"	"NAN"	"NAN"	"NAN"	"NAN"	"NAN"	"NAN"	"NAN"	"NAN"	"NAN"	"NAN"	"NAN"	"NAN"	"NAN"	"NAN"	"NAN"	"NAN"	"NAN"	"NAN"	"NAN"	"NAN"	"NAN"	"NAN"	"NAN"	"NAN"	"NAN"	"NAN"	"NAN"	"NAN"	"NAN"	"NAN"	"NAN"	"NAN"	"NAN"	"NAN"
"Кордунова Н. О., Денисюк А. С."	"Чинники, що визначають професійні уявлення і компетентність студентів-психологів"	"Психологічні перспективи. -Луцьк:Волин. нац. ун-т ім. Лесі Українки, 2012,N Вип. 19.-С.150-160"	2012	"Стаття"	"Україна"	175						1		1				1						1	1		1																
"Ічанська О. М."	"Особистісні детермінанти становлення образу професіонала у студентів- психологів у процесі професійного навчання"	"Проблеми сучасної психології. Збірник наукових праць. Кам’янець-Подільського національного університету імені Івана Огієнка та Інституту психології імені Г.С. Костюка НАПН України. Випуск 20. 2013. С. 222-232"	2013	"Стаття"	"Україна"	113																		1	1	1							1										
"Сюта Б."	"Дискурс у музиці й теорія дискурс-аналізу в музичній науці"	"Студії мистецтвознавчі. – К.: ІМФЕ НАН України, 2010. – ¬ №1(29). – С. 35- 42"	2010	"Стаття"	"Україна"	"NAN"	1	"NAN"	"NAN"	"NAN"	"NAN"	"NAN"	"NAN"	"NAN"	"NAN"	"NAN"	"NAN"	"NAN"	"NAN"	"NAN"	"NAN"	"NAN"	"NAN"	"NAN"	"NAN"	"NAN"	"NAN"	"NAN"	"NAN"	"NAN"	"NAN"	"NAN"	"NAN"	"NAN"	"NAN"	"NAN"	"NAN"	"NAN"	"NAN"	"NAN"	"NAN"	"NAN"	"NAN"
"Білоконь І. В."	"Політичні події кінця 2004 року в Україні і соціально-політичні настановлення молоді"	"Соціальна психологія. – 2005. – №4. – С. 21-32."	2005	"Стаття"	"Україна"	"37, 80"						1		1										1																			
"Дембицька Н. М."	"Когнітивний аспект політичної свідомості нового покоління"	"Соціальна психологія, 2003. - № 1. - С. 87-100."	2003	"Стаття"	"Україна"	"240, 678, 125, 258"		1		1			1	1						1				1			1							1									
"Васильченко О. М."	"Уявлення молодих українців про українців"	"Соціальна психологія, 2003. - № 1. - С. 123-133."	2003	"Стаття"	"Україна"	115				1		1								1				1				1															
"Скібіна О. В."	"Особливості структури ціннісних уявлень про ідеал педагога"	"Вісник ЛНУ імені Тараса Шевченка №13 (224), Ч. І, 2011. С. 131-136"	2011	"Стаття"	"Україна"	"NAN"	1	"NAN"	"NAN"	"NAN"	"NAN"	"NAN"	"NAN"	"NAN"	"NAN"	"NAN"	"NAN"	"NAN"	"NAN"	"NAN"	"NAN"	"NAN"	"NAN"	"NAN"	"NAN"	"NAN"	"NAN"	"NAN"	"NAN"	"NAN"	"NAN"	"NAN"	"NAN"	"NAN"	"NAN"	"NAN"	"NAN"	"NAN"	"NAN"	"NAN"	"NAN"	"NAN"	"NAN"
"Володарская Е. А."	"Основные направления и перспективы изучения имиджа науки в современном обществе"	"Наука та наукознавтво. – 2007. – № 1. – С. 70–81."	2007	"Стаття"	"Україна"	"NAN"	1	"NAN"	"NAN"	"NAN"	"NAN"	"NAN"	"NAN"	"NAN"	"NAN"	"NAN"	"NAN"	"NAN"	"NAN"	"NAN"	"NAN"	"NAN"	"NAN"	"NAN"	"NAN"	"NAN"	"NAN"	"NAN"	"NAN"	"NAN"	"NAN"	"NAN"	"NAN"	"NAN"	"NAN"	"NAN"	"NAN"	"NAN"	"NAN"	"NAN"	"NAN"	"NAN"	"NAN"
"Куруза А.В., Кириллова Е.А., Беляева Е.Э., Цилюрик С.Н."	"Характеристика структурных компонентов внутренней картины здоровья подростков"	"Вісник Харківського національного педагогічного університету імені Г. С. Сковороди : Психологія. Вип. 41. 2011"	2011	"Стаття"	"Україна"	361						1					1	1						1																			
"Митина О. В., Петренко В. Ф. Пшеничный И."	"Влияние средств массовой информации на динамику имиджей политических лидеров: психосемантический анализ"	"Проблеми політичної психології та її роль у становленні громадянина Української держави : зб. наук. пр. Вип. 8. 2008."	2008	"Стаття"	"Україна"	60														1							1	1															
"Хижняк, О. А. "	"Психологічні аспекти поняття особистості як захисника країни"	"Наука і освіта : наук.-практ. журн. Півд. наук. Центру АПН України. - 2010. - № 8. - С. 40-44"	2010	"Стаття"	"Україна"	"NAN"	1	"NAN"	"NAN"	"NAN"	"NAN"	"NAN"	"NAN"	"NAN"	"NAN"	"NAN"	"NAN"	"NAN"	"NAN"	"NAN"	"NAN"	"NAN"	"NAN"	"NAN"	"NAN"	"NAN"	"NAN"	"NAN"	"NAN"	"NAN"	"NAN"	"NAN"	"NAN"	"NAN"	"NAN"	"NAN"	"NAN"	"NAN"	"NAN"	"NAN"	"NAN"	"NAN"	"NAN"
"Зубіашвілі. І.К."	"Теоретичні передумови становлення теорії психології грошей"	"Проблеми сучасної психології: Збірник наукових праць Кам'янець-Подільського національного університету імені Івана Огіенка, Інституту психології ім. Г. С. Костюка АПН України / За ред. С. Д. Максименка, Л. А. Онуфрієвої. - Вип. 6., Ч. 1. - Кам'янець-Подільський: Аксіома, 2009. - 416 с. - С. 246-254"	2009	"Стаття"	"Україна"	"NAN"	1	"NAN"	"NAN"	"NAN"	"NAN"	"NAN"	"NAN"	"NAN"	"NAN"	"NAN"	"NAN"	"NAN"	"NAN"	"NAN"	"NAN"	"NAN"	"NAN"	"NAN"	"NAN"	"NAN"	"NAN"	"NAN"	"NAN"	"NAN"	"NAN"	"NAN"	"NAN"	"NAN"	"NAN"	"NAN"	"NAN"	"NAN"	"NAN"	"NAN"	"NAN"	"NAN"	"NAN"
"Парходько Г. Ю."	"Соціокультурний чинник формування дитячої мономіфологічної історії"	"Наукові студії із соціальної та політичної психології. Випуск 28(31). 2011 р."	2011	"Стаття"	"Україна"	"NAN"	1	"NAN"	"NAN"	"NAN"	"NAN"	"NAN"	"NAN"	"NAN"	"NAN"	"NAN"	"NAN"	"NAN"	"NAN"	"NAN"	"NAN"	"NAN"	"NAN"	"NAN"	"NAN"	"NAN"	"NAN"	"NAN"	"NAN"	"NAN"	"NAN"	"NAN"	"NAN"	"NAN"	"NAN"	"NAN"	"NAN"	"NAN"	"NAN"	"NAN"	"NAN"	"NAN"	"NAN"
"Дембицька Н. М."	"Соціально-психологічні проблеми економічної соціалізації молоді"	"Соціальна психологія. - 2008.- №3 (29). - С 53-67."	2008	"Стаття"	"Україна"	"NAN"	1	"NAN"	"NAN"	"NAN"	"NAN"	"NAN"	"NAN"	"NAN"	"NAN"	"NAN"	"NAN"	"NAN"	"NAN"	"NAN"	"NAN"	"NAN"	"NAN"	"NAN"	"NAN"	"NAN"	"NAN"	"NAN"	"NAN"	"NAN"	"NAN"	"NAN"	"NAN"	"NAN"	"NAN"	"NAN"	"NAN"	"NAN"	"NAN"	"NAN"	"NAN"	"NAN"	"NAN"
"Убейволк О.О."	"Ціннісні орієнтації особистості як суб'єкта соціального капіталу"	"Культурологічний вісник: Науково-теоретичний щорічник Нижньої Наддніпрянщини. – Запоріжжя, 2007. – Випуск 18. – С. 161-166."	2007	"Стаття"	"Україна"	"NAN"	1	"NAN"	"NAN"	"NAN"	"NAN"	"NAN"	"NAN"	"NAN"	"NAN"	"NAN"	"NAN"	"NAN"	"NAN"	"NAN"	"NAN"	"NAN"	"NAN"	"NAN"	"NAN"	"NAN"	"NAN"	"NAN"	"NAN"	"NAN"	"NAN"	"NAN"	"NAN"	"NAN"	"NAN"	"NAN"	"NAN"	"NAN"	"NAN"	"NAN"	"NAN"	"NAN"	"NAN"
"Білько О. І., Васільєва Т. С., Голіков О. С., Фудорова  О. М."	"Життєвий успіх як елемент духовного світу українського студентства: одухотворюючи успіх чи раціоналізуючи духовність"	"Вісник Харківського національного університету ім. В. Н. Каразіна ""Соціологічні дослідження сучасного суспільства: методологія, теорія, методи"", 2011. - № 948. - С. 35-46."	2011	"Стаття"	"Україна"	3058																		1	1									1	1	1							
"Мяленко В. В."	"Психоемоційний комплекс у структурі фінансової поведінки молоді "	"Проблеми політичної психології та її роль у становленні громадянина Української держави. -Київ:[б. в.], 2008,N Вип. 8.-С.218-224"	2008	"Стаття"	"Україна"	"100, 310"							1	1				1							1		1																
"Гнатюк Я."	"«Дух капіталізму» і «привид комунізму» на сцені української історії"	"Українознавчий альманах. Випуск 7. – К., 2012."	2012	"Стаття"	"Україна"	"NAN"	1	"NAN"	"NAN"	"NAN"	"NAN"	"NAN"	"NAN"	"NAN"	"NAN"	"NAN"	"NAN"	"NAN"	"NAN"	"NAN"	"NAN"	"NAN"	"NAN"	"NAN"	"NAN"	"NAN"	"NAN"	"NAN"	"NAN"	"NAN"	"NAN"	"NAN"	"NAN"	"NAN"	"NAN"	"NAN"	"NAN"	"NAN"	"NAN"	"NAN"	"NAN"	"NAN"	"NAN"
"Вереіна Л. В."	"Подолання гендерних стереотипів як психологічна проблема сучасного українського суспільства"	"Теоретичні і прикладні проблеми психології. — Луганськ, 2009. — N1 (21). — С.31–37."	2009	"Стаття"	"Україна"	"74, 36, 142, 316"							1	1										1																			
"Шерман О. М."	"Психологічні підвалини виникнення політичних стереотипів"	"Вісник СевДТУ. Вип.91: Політологія: зб.наук.пр. – Севастополь: вид-во СевДТУ, 2008. – С.115–119."	2008	"Стаття"	"Україна"	"NAN"	1	"NAN"	"NAN"	"NAN"	"NAN"	"NAN"	"NAN"	"NAN"	"NAN"	"NAN"	"NAN"	"NAN"	"NAN"	"NAN"	"NAN"	"NAN"	"NAN"	"NAN"	"NAN"	"NAN"	"NAN"	"NAN"	"NAN"	"NAN"	"NAN"	"NAN"	"NAN"	"NAN"	"NAN"	"NAN"	"NAN"	"NAN"	"NAN"	"NAN"	"NAN"	"NAN"	"NAN"
"Данильченко Т.В."	"Психологічний портрет чоловіка і жінки очима студенток"	"Вісник Чернігівського національного педагогічного університету. Випуск 105. Том 1. Серія: Психологічні науки. 2012. "	2012	"Стаття"	"Україна"	126				1										1				1	1			1						1									
"Лісневська А.О."	"Особливості ґендерної ідентичності дошкільників та її прояви в іграх"	"Вісник Чернігівського національного педагогічного університету. Випуск 68. Серія: Психологічні науки. 2009."	2009	"Стаття"	"Україна"	55								1							1			1																			
"Данильченко Т.В."	"Бути жінкою: покликання чи обов’язок? Маркери жіночої ідентичності"	"Вісник Чернігівського національного педагогічного університету. Випуск 82. Том 1. Серія: Психологічні науки. 2010. "	2010	"Стаття"	"Україна"	50			1								1	1						1																			
"Скібіна О. В."	"Експериментальна розробка та аналіз основних критеріїв сформованості у студентів ціннісних уявлень про ідеал педагога"	"Гуманізація навчально-виховного процесу: наук.-метод. зб. / за заг. ред. В. І. Сипченка. – Вип. XLVIII. – Слов’янськ : Вид. центр СДПУ, 2009. – С. 71 – 78."	2009	"Стаття"	"Україна"	"NAN"	1	"NAN"	"NAN"	"NAN"	"NAN"	"NAN"	"NAN"	"NAN"	"NAN"	"NAN"	"NAN"	"NAN"	"NAN"	"NAN"	"NAN"	"NAN"	"NAN"	"NAN"	"NAN"	"NAN"	"NAN"	"NAN"	"NAN"	"NAN"	"NAN"	"NAN"	"NAN"	"NAN"	"NAN"	"NAN"	"NAN"	"NAN"	"NAN"	"NAN"	"NAN"	"NAN"	"NAN"
"Альперович В. Д."	"Влияние кризиса системы отношений личности на представления о Враге и Друге"	"Вісник Одеського національного університету. Психологія. Науковий журнал. Вип. 12. 2011. С. 6-12"	2011	"Стаття"	"Україна"	254						1												1						1													
"Резанова Т."	"Манипуляция сознанием: сущность, природа и происхождение"	"Ноосфера і цивілізація. Випуск 5 (8). Донецьк, 2007"	2007	"Стаття"	"Україна"	"NAN"	1	"NAN"	"NAN"	"NAN"	"NAN"	"NAN"	"NAN"	"NAN"	"NAN"	"NAN"	"NAN"	"NAN"	"NAN"	"NAN"	"NAN"	"NAN"	"NAN"	"NAN"	"NAN"	"NAN"	"NAN"	"NAN"	"NAN"	"NAN"	"NAN"	"NAN"	"NAN"	"NAN"	"NAN"	"NAN"	"NAN"	"NAN"	"NAN"	"NAN"	"NAN"	"NAN"	"NAN"
"Пикалова Г.А."	"О проблемах создания среднего класса в Украине"	"Проблемы развития внешнеэкономических связей и привлечения иностранных инвестиций: региональный аспект. Сборник научных трудов. 2011 год"	2011	"Стаття"	"Україна"	2000								1										1																			
"Ложкин Г.В., Плющ А.Н."	"Сценарии формирования профессиональной идентичности"	"Вісник національного технічного університету України ""Київський політехнічний інститут"". Філософія. Психологія. Педагогіка [Текст] : сборник. № 3 (27)/ 2009. Ч. 2 / М-во освіти і науки України, Нац. техн. ун-т України ""Київський політехнічний інститут"" ; редкол. Б. В. Новіков [та ін.]. - К. : Політехніка, 2009. - 282 с. С. 48-55"	2009	"Стаття"	"Україна"	253						1						1						1	1																		
"Кузьмин Н. Н."	"Когнитивный поворот в гуманитарных науках"	"Вопросы духовной культуры– ФИЛОСОФСКИЕ НАУКИ. 2005. С. 131-134"	2005	"Стаття"	"Україна"	"NAN"	1	"NAN"	"NAN"	"NAN"	"NAN"	"NAN"	"NAN"	"NAN"	"NAN"	"NAN"	"NAN"	"NAN"	"NAN"	"NAN"	"NAN"	"NAN"	"NAN"	"NAN"	"NAN"	"NAN"	"NAN"	"NAN"	"NAN"	"NAN"	"NAN"	"NAN"	"NAN"	"NAN"	"NAN"	"NAN"	"NAN"	"NAN"	"NAN"	"NAN"	"NAN"	"NAN"	"NAN"
"Сергєєва А. В."	"Суб'єктивне економічне благополуччя та його роль у ситуації кризи в менеджерів"	"Наука і освіта . - 2009. - № 5. - С. 146-150."	2009	"Стаття"	"Україна"	50						1													1																		
"Зубіашвілі. І.К."	"Становлення суб'єктності учнівської молоді в процесі економічної соціалізації"	"Проблеми загальної та педагогічної психології. Том XII, ч. 1. - 2010. С. 242-252"	2010	"Стаття"	"Україна"	"NAN"	1	"NAN"	"NAN"	"NAN"	"NAN"	"NAN"	"NAN"	"NAN"	"NAN"	"NAN"	"NAN"	"NAN"	"NAN"	"NAN"	"NAN"	"NAN"	"NAN"	"NAN"	"NAN"	"NAN"	"NAN"	"NAN"	"NAN"	"NAN"	"NAN"	"NAN"	"NAN"	"NAN"	"NAN"	"NAN"	"NAN"	"NAN"	"NAN"	"NAN"	"NAN"	"NAN"	"NAN"
"Бешта И.А."	"Философский анализ соотношения понятий социальная и личностная идентичность"	"«КУЛЬТУРА НАРОДОВ ПРИЧЕРНОМОРЬЯ» №196 (том 1). 2010. С. 10-16"	2010	"Стаття"	"Україна"	"NAN"	1	"NAN"	"NAN"	"NAN"	"NAN"	"NAN"	"NAN"	"NAN"	"NAN"	"NAN"	"NAN"	"NAN"	"NAN"	"NAN"	"NAN"	"NAN"	"NAN"	"NAN"	"NAN"	"NAN"	"NAN"	"NAN"	"NAN"	"NAN"	"NAN"	"NAN"	"NAN"	"NAN"	"NAN"	"NAN"	"NAN"	"NAN"	"NAN"	"NAN"	"NAN"	"NAN"	"NAN"
"Свєженцева Ю. О., Горбачова О. В."	"Дільничний інспектор міліції як суб’єкт формування соціальних уявлень про міліцію: потенціал і реалії"	"Український соціум, 2 (25) 2008. С. 63-72"	2008	"Стаття"	"Україна"	1200									1									1													1						
"Овдієнко Л.Н."	"Мораль і право у системі соціальних уявлень"	"Соц. психологія . - 2007. - Спец. вип. - С. 121-128."	2007	"Стаття"	"Україна"	2517							1														1																
"Лазуренко О. О."	"Роль емоцій у соціалізації та становленні міжособистісних взаємин"	"Соціально-психологічний вимір демократичних перетворень в Україні [Текст] : збірник наукових праць / За ред. Максименка С.Д., Циби В.Т., Шайгородського Ю.Ж. та ін.. - К. : Український центр політичного менеджменту, 2003. - 512 с."	2003	"Стаття"	"Україна"	"NAN"	1	"NAN"	"NAN"	"NAN"	"NAN"	"NAN"	"NAN"	"NAN"	"NAN"	"NAN"	"NAN"	"NAN"	"NAN"	"NAN"	"NAN"	"NAN"	"NAN"	"NAN"	"NAN"	"NAN"	"NAN"	"NAN"	"NAN"	"NAN"	"NAN"	"NAN"	"NAN"	"NAN"	"NAN"	"NAN"	"NAN"	"NAN"	"NAN"	"NAN"	"NAN"	"NAN"	"NAN"
"Москаленко В. В."	"Економічна соціалізація молоді: соціально-психологічний аспект"	"заг. ред. В. В. Москаленко. – К. : Укр. центр політ. менеджменту, 2008. – 336 с."	2008	"Монографія"	"Україна"							1						1		1				1	1		1	1										1					
"Васильченко О. М."	"Соціальні очікування українського студентства"	"Соціально-психологічний вимір демократичних перетворень в Україні / За ред. Максименка С.Д. – К.: Український центр політичного менеджменту, 2003. – С. 284 – 295."	2003	"Стаття"	"Україна"	200														1							1			1													
"Злобіна О. Г."	"Суб'єктна складова суспільних трансформацій: від теорії до практики емпіричного дослідження"	"Соціальні виміри суспільства. Зб. наук. праць. — Вип. 5. — К., 2002. — С.3–17."	2002	"Стаття"	"Україна"	1200								1										1																			
"Кукуруза Г. В., Бєляєва О. Е., Кирилова О. О., Цилюрик С. Н."	"Образ здоров'я у хлопців із затримкою фізичного та статевого розвитку"	"Інститут охорони здоров'я дітей і підлітків АМН України, Харків. Сексологія. 2007. С. 87-89"	2007	"Стаття"	"Україна"	20			1								1	1						1					1														
"Ляльчук Г. Д."	"Соціальні уявлення про трансформації сучасної української сім'ї"	"Практична психологія та соціальна робота: наук.-практ. освітньо-метод. журн. - 2013. - № 9. - С. 22-25"	2013	"Стаття"	"Україна"																						1							1									
"Вашев О. Є., Клочко В. М."	"Ідеологія здоров'я – шляхи становлення студентства України"	"Ідеологія  здоров’я–  шляхи  становлення  студентства  України.  Методичні рекомендації  для  проведення  практичних  занять  і  виконання  самостійних  робіт з  дисциплін «ізичне  виховання»,  «ізична  культура»,  «Управління професійною  працездатністю»  (для  студентів 1-3  курсів  усіх  спеціальностей Академії)  Частина  І /  Харк.  нац.  акад.  міськ.  госп-ва;  уклад.:  О.  Є.  Вашев, В. М. Клочко. – Х.: ХНАМГ, 2012. – 71c. "	2012	"Методичний посібник"	"Україна"	"NAN"	1	"NAN"	"NAN"	"NAN"	"NAN"	"NAN"	"NAN"	"NAN"	"NAN"	"NAN"	"NAN"	"NAN"	"NAN"	"NAN"	"NAN"	"NAN"	"NAN"	"NAN"	"NAN"	"NAN"	"NAN"	"NAN"	"NAN"	"NAN"	"NAN"	"NAN"	"NAN"	"NAN"	"NAN"	"NAN"	"NAN"	"NAN"	"NAN"	"NAN"	"NAN"	"NAN"	"NAN"
"Мяленко В. В."	"Образ української і російської мов в уявленнях російськомовної молоді"	"Російськомовна спільнота в Україні: соціально-психологічний аналіз : монографія / за ред. В. О. Васютинського ; Національна академія педагогічних наук України, Інститут соціальної та політичної психології. - Кіровоград : Імекс-ЛТД, 2012. - 336 с."	2012	"Стаття"	"Україна"	50				1					1																												
"Павленко Ю.О."	"Ідеологічний дискурс і проблема ідентичності"	"Філософська думка: зб. наук. праць / відп. ред. Попович М.В. – Київ: Академперіодика, 2009. - №5. – С.  105-114."	2009	"Стаття"	"Україна"	"NAN"	1	"NAN"	"NAN"	"NAN"	"NAN"	"NAN"	"NAN"	"NAN"	"NAN"	"NAN"	"NAN"	"NAN"	"NAN"	"NAN"	"NAN"	"NAN"	"NAN"	"NAN"	"NAN"	"NAN"	"NAN"	"NAN"	"NAN"	"NAN"	"NAN"	"NAN"	"NAN"	"NAN"	"NAN"	"NAN"	"NAN"	"NAN"	"NAN"	"NAN"	"NAN"	"NAN"	"NAN"
"Бондаренко Л. О."	"До проблеми дослідження соціальних уявлень молоді"	"Материали за VII международна научна практична конференция. «Ключови въпроси в съвременната наука– 2011» • Том32. Психология и социология. С.71-72"	2011	"Тези"	"Білорусь"	"NAN"	1	"NAN"	"NAN"	"NAN"	"NAN"	"NAN"	"NAN"	"NAN"	"NAN"	"NAN"	"NAN"	"NAN"	"NAN"	"NAN"	"NAN"	"NAN"	"NAN"	"NAN"	"NAN"	"NAN"	"NAN"	"NAN"	"NAN"	"NAN"	"NAN"	"NAN"	"NAN"	"NAN"	"NAN"	"NAN"	"NAN"	"NAN"	"NAN"	"NAN"	"NAN"	"NAN"	"NAN"
"Москаленко В. В."	"Соціальна психологія. Підручник. Видання 2-ге, виправлене та доповнене"	"К.: Центр учбової літератури, 2008. – 688 с."	2008	"Підручник"	"Україна"	"NAN"	1	"NAN"	"NAN"	"NAN"	"NAN"	"NAN"	"NAN"	"NAN"	"NAN"	"NAN"	"NAN"	"NAN"	"NAN"	"NAN"	"NAN"	"NAN"	"NAN"	"NAN"	"NAN"	"NAN"	"NAN"	"NAN"	"NAN"	"NAN"	"NAN"	"NAN"	"NAN"	"NAN"	"NAN"	"NAN"	"NAN"	"NAN"	"NAN"	"NAN"	"NAN"	"NAN"	"NAN"
"Фальковська, Л. М."	"Соціально-психологічні моделі відчуття справедливості учнів єврейських освітніх закладів міста Житомира"	"Матеріали  Другої  Всеукраїнської   науково-практичної  конференції «Євреї на Житомирщині: історія  і сучасність» - Житомир, 2008. – 220  с."	2008	"Стаття"	"Україна"	19			1	1														1						1										1			
"Іванюк Н. М."	"Психологічні особливості розвитку комунікативної компетентності на основі соціальної категоризації студентів"	"Наукові записки. Серія «Психологія і педагогіка». (Вип.24). с. 47-51."	2013	"Стаття"	"Україна"	"200, 24"																		1	1			1															
"Богучарова О. І."	"Відношення до здоров’я: гуманітарно-антропологічний підхід"	"Збірник наукових праць Східноукраїнського національного університету імені Володимира Даля :на підставі матеріалів ХVІІІ науково-практичної конференції «Університет і регіон» з проблем сучасної освіти 24-25 жовтня 2012 року / уклад.: Ю.І. Осенін, О.І. Серебряков ; за заг. ред. О.Л. Голубенка. – Луганськ : СНУ ім. В. Даля, 2012."	2012	"Стаття"	"Україна"	"NAN"																																					
"Жадан І. В."	"Соціальне научання: механізми розвитку політичних ставлень молоді: [наук.-метод. посіб.]"	"[І. В. Жадан, І. А. Дідук, С. І. Позняк та ін.] ; за ред. І. В. Жадан; Національна академія педагогічних наук України, Інститут соціальної та політичної психології. — Кіровоград: Імекс-ЛТД,  2012. — 352 с."	2012	"Методичний посібник"	"Україна"	"NAN"	1	"NAN"	"NAN"	"NAN"	"NAN"	"NAN"	"NAN"	"NAN"	"NAN"	"NAN"	"NAN"	"NAN"	"NAN"	"NAN"	"NAN"	"NAN"	"NAN"	"NAN"	"NAN"	"NAN"	"NAN"	"NAN"	"NAN"	"NAN"	"NAN"	"NAN"	"NAN"	"NAN"	"NAN"	"NAN"	"NAN"	"NAN"	"NAN"	"NAN"	"NAN"	"NAN"	"NAN"
"Шедяков В.Е."	"Діагностика постсучасного міфу"	"Політичний менеджмент. – 2010. – № 2 (41). – С. 17 – 28."	2010	"Стаття"	"Україна"	"NAN"	1	"NAN"	"NAN"	"NAN"	"NAN"	"NAN"	"NAN"	"NAN"	"NAN"	"NAN"	"NAN"	"NAN"	"NAN"	"NAN"	"NAN"	"NAN"	"NAN"	"NAN"	"NAN"	"NAN"	"NAN"	"NAN"	"NAN"	"NAN"	"NAN"	"NAN"	"NAN"	"NAN"	"NAN"	"NAN"	"NAN"	"NAN"	"NAN"	"NAN"	"NAN"	"NAN"	"NAN"
"Куєвда В. Т."	"Міфологічні джерела української етнокультурної моделі: психологічний аспект"	"Донецьк: Укр. Культурологічний центр. Донецьке від. – 2007, 264с."	2007	"Монографія"	"Україна"	"NAN"	1	"NAN"	"NAN"	"NAN"	"NAN"	"NAN"	"NAN"	"NAN"	"NAN"	"NAN"	"NAN"	"NAN"	"NAN"	"NAN"	"NAN"	"NAN"	"NAN"	"NAN"	"NAN"	"NAN"	"NAN"	"NAN"	"NAN"	"NAN"	"NAN"	"NAN"	"NAN"	"NAN"	"NAN"	"NAN"	"NAN"	"NAN"	"NAN"	"NAN"	"NAN"	"NAN"	"NAN"
"Жадан І. В."	"Механізм впливу соціальних уявлень на процес научіння"	"Педагогіка та психологія. – 2005. - № 2. – С. 34 - 40."	2005	"Стаття"	"Україна"	2517														1							1																
"Овдієнко Л. Н."	"Мораль і право у структурі соціальних уявлень молоді"	"Наукові студії із соціальної та політичної психології : Зб. ст. – К., 2005. – Вип. 12 (15). – С. 199-211."	2005	"Стаття"	"Україна"	2517							1														1																
"Мейжис І. А."	"Соціальний капітал та проблеми культурної та психологічної трансформації України"	"Наукові праці - Економіка - Т. 40, 2006."	2006	"Стаття"	"Україна"	2036								1										1																			
"Жадан І. В."	"Змістові компоненти соціальних уявлень студентської молоді"	"Наукові студії із соціальної та політичної психології : зб. ст. / Ін-т соц. та політ. психології АПН України. - Київ : [б. в.], 2007. - Вип. 15 (18). - С. 141-151."	2007	"Стаття"	"Україна"	56			1					1										1																			
"Жадан І. В."	"Соціальні уявлення молоді: особливості та шляхи формування : колект. моногр."	"Ін-т соц. та політ. психології АПН України ; [за ред. І. В. Жадан]. - Київ : Педагогічна думка, 2007. - 216 с."	2007	"Монографія"	"Україна"	"NAN"	1	"NAN"	"NAN"	"NAN"	"NAN"	"NAN"	"NAN"	"NAN"	"NAN"	"NAN"	"NAN"	"NAN"	"NAN"	"NAN"	"NAN"	"NAN"	"NAN"	"NAN"	"NAN"	"NAN"	"NAN"	"NAN"	"NAN"	"NAN"	"NAN"	"NAN"	"NAN"	"NAN"	"NAN"	"NAN"	"NAN"	"NAN"	"NAN"	"NAN"	"NAN"	"NAN"	"NAN"
"Позняк С. І."	"Уявлення учасників навчально-виховного процесу про доброго громадянина"	"Наукові студії із соціальної та політичної психології. -Київ:[б. в.], 2007,N Вип. 15 (18).-С.169-177"	2007	"Стаття"	"Україна"	"30, 18"														1							1																
"Остапенко Ю. В."	"Уявлення про соціальну нерівність у різних вікових груп населення"	"Наукові студії із соціальної та політичної психології [Текст] : зб. ст / Акад. пед. наук, Ін-т соц. та політ. психології ; [редкол. : С. Д. Максименко (голов. ред.) та ін.]. - К. : Ін-т соц. та політ. психології, 1995 - . Вип. 15 (18). - 2007. - 246 с. С. 185-191"	2007	"Стаття"	"Україна"	150			1															1																			
"Глазунова С. М."	"Середовищні характеристики як чинник електоральної поведінки молоді"	"Наукові студії із соціальної та політичної психології [Текст] : зб. ст / Акад. пед. наук, Ін-т соц. та політ. психології ; [редкол. : С. Д. Максименко (голов. ред.) та ін.]. - К. : Ін-т соц. та політ. психології, 1995 - . Вип. 15 (18). - 2007. - 246 с. С. 211–219"	2007	"Стаття"	"Україна"	"NAN"	1	"NAN"	"NAN"	"NAN"	"NAN"	"NAN"	"NAN"	"NAN"	"NAN"	"NAN"	"NAN"	"NAN"	"NAN"	"NAN"	"NAN"	"NAN"	"NAN"	"NAN"	"NAN"	"NAN"	"NAN"	"NAN"	"NAN"	"NAN"	"NAN"	"NAN"	"NAN"	"NAN"	"NAN"	"NAN"	"NAN"	"NAN"	"NAN"	"NAN"	"NAN"	"NAN"	"NAN"
"Зіятдінова Е. Б."	"Соціальні уявлення про сім'ю та шлюб у кримськотатарських чоловіків 20-25 років"	"Вопросы развития Крыма. Научно-практический дискуссионно-аналитический сборник. Вып. 16. Крымское региональное сообщество: генезис, современное состояние, перспективы. - Симферополь: СОНАТ, 2012. С. 128-139"	2012	"Стаття"	"Україна"	"NA"								1																													
"Свєженцева Ю. О."	"Мотиваційне та комунікаційне підґрунтя соціальних уявлень про міліцію та довіри. Кримінологічні дослідження"	"Норма та девіація у правоохоронній діяльності : матеріли дев’ятої міжнар. наук.-практ. конф. (Луганськ, 28–29 жовт. 2010 р.) . – Луганськ : РВВ ЛДУВС імені Е. О. Дідоренка, 2011. – С. 41–50."	2011	"Стаття"	"Україна"	"NA"								1										1						1													
"Зубіашвілі. І.К."	"Структурно?функціональна модель ставлення особистості до грошей"	"Проблеми сучасної психології : зб. наук. пр. Кам'янець-Поділ. нац. ун-ту ім. І. Огієнка, Ін-ту психології ім. Г. С. Костюка АПН України / Кам'янець-Подільський національний університет ім. Івана Огієнка, Ін-т психології ім. Г. С. Костюка АПН України. - Кам'янець-Подільський : Аксіома, 2009. - Вип. 5. - С. 158-170."	2009	"Стаття"	"Україна"	"NAN"	1	"NAN"	"NAN"	"NAN"	"NAN"	"NAN"	"NAN"	"NAN"	"NAN"	"NAN"	"NAN"	"NAN"	"NAN"	"NAN"	"NAN"	"NAN"	"NAN"	"NAN"	"NAN"	"NAN"	"NAN"	"NAN"	"NAN"	"NAN"	"NAN"	"NAN"	"NAN"	"NAN"	"NAN"	"NAN"	"NAN"	"NAN"	"NAN"	"NAN"	"NAN"	"NAN"	"NAN"
"Дроздов О. Ю."	"Індивідуально-психологічні чинники геополітичних уявлень особистості"	"Проблеми сучасної психології. Збірник наукових праць. Кам’янець-Подільського національного університету імені Івана Огієнка та Інституту психології імені Г.С. Костюка НАПН України. Випуск 20. 2013. С. 222-232"	2013	"Стаття"	"Україна"	245						1								1				1			1				1							1					
"Сич В. О., Сич В. М."	"Взаємозв’язок соціально-демографічних характеристик та особливостей когнітивного компонента в структурі економічного самовизначення студентської молоді"	"Проблеми сучасної психології. Збірник наукових праць. Кам’янець-Подільського національного університету імені Івана Огієнка та Інституту психології імені Г.С. Костюка НАПН України. Випуск 20. 2013. С. 298-610"	2013	"Стаття"	"Україна"	227							1											1	1			1					1										
"Борисюк А. С."	"Теоретичні підходи до визначення ідентичності"	"Проблеми сучасної психології. 2013. Випуск 19. С. 55-64"	2013	"Стаття"	"Україна"	"NAN"	1	"NAN"	"NAN"	"NAN"	"NAN"	"NAN"	"NAN"	"NAN"	"NAN"	"NAN"	"NAN"	"NAN"	"NAN"	"NAN"	"NAN"	"NAN"	"NAN"	"NAN"	"NAN"	"NAN"	"NAN"	"NAN"	"NAN"	"NAN"	"NAN"	"NAN"	"NAN"	"NAN"	"NAN"	"NAN"	"NAN"	"NAN"	"NAN"	"NAN"	"NAN"	"NAN"	"NAN"
"Кочубейник О. М."	"Постмодерн: автентичність особистості та трансформація дискурсу соціальності"	"ВІСНИК НТУУ “КПІ”. Філософія. Психологія. Педагогіка. Випуск 1’2010"	2010	"Стаття"	"Україна"	"NAN"	1	"NAN"	"NAN"	"NAN"	"NAN"	"NAN"	"NAN"	"NAN"	"NAN"	"NAN"	"NAN"	"NAN"	"NAN"	"NAN"	"NAN"	"NAN"	"NAN"	"NAN"	"NAN"	"NAN"	"NAN"	"NAN"	"NAN"	"NAN"	"NAN"	"NAN"	"NAN"	"NAN"	"NAN"	"NAN"	"NAN"	"NAN"	"NAN"	"NAN"	"NAN"	"NAN"	"NAN"
"Москаленко В. В."	"Психологія соціального впливу. Навч. пос."	"К.: Центр учбової літератури, 2007. – 448 с."	2007	"Підручник"	"Україна"	"NAN"	1	"NAN"	"NAN"	"NAN"	"NAN"	"NAN"	"NAN"	"NAN"	"NAN"	"NAN"	"NAN"	"NAN"	"NAN"	"NAN"	"NAN"	"NAN"	"NAN"	"NAN"	"NAN"	"NAN"	"NAN"	"NAN"	"NAN"	"NAN"	"NAN"	"NAN"	"NAN"	"NAN"	"NAN"	"NAN"	"NAN"	"NAN"	"NAN"	"NAN"	"NAN"	"NAN"	"NAN"
"Гончаренко Л.А., Зубко А.М., Кузьменко В.В."	"Підготовка вчителів до формування в учнів полікультурної картини світу"	"2-е видання / За ред. В.В.Кузьменка. – Херсон: РІПО, 2010. – 196 с."	2010	"Підручник"	"Україна"	"NAN"	1	"NAN"	"NAN"	"NAN"	"NAN"	"NAN"	"NAN"	"NAN"	"NAN"	"NAN"	"NAN"	"NAN"	"NAN"	"NAN"	"NAN"	"NAN"	"NAN"	"NAN"	"NAN"	"NAN"	"NAN"	"NAN"	"NAN"	"NAN"	"NAN"	"NAN"	"NAN"	"NAN"	"NAN"	"NAN"	"NAN"	"NAN"	"NAN"	"NAN"	"NAN"	"NAN"	"NAN"
"Фролов П. Д."	"Інформаційний вплив: теорія і практика прогнозування : монографія"	"за  ред.  П. Д. Фролова  ;  Національна акад. пед. наук України, Ін-т соц. та політ. психології.  -  К. :  Міленіум,  2011. – 304 c."	2011	"Монографія"	"Україна"	"NAN"	1	"NAN"	"NAN"	"NAN"	"NAN"	"NAN"	"NAN"	"NAN"	"NAN"	"NAN"	"NAN"	"NAN"	"NAN"	"NAN"	"NAN"	"NAN"	"NAN"	"NAN"	"NAN"	"NAN"	"NAN"	"NAN"	"NAN"	"NAN"	"NAN"	"NAN"	"NAN"	"NAN"	"NAN"	"NAN"	"NAN"	"NAN"	"NAN"	"NAN"	"NAN"	"NAN"	"NAN"
"Чумак М. П."	"Рушник і фартух від сакрального до утилітарного"	"Пам?яткознавчі погляди молодих вчених XXI ст. Вип. 1. С. 282-287"	2010	"Стаття"	"Україна"	"NA"			1				1				1																										
"Москаленко В. В., Міщенко О. О."	"Особливості регулятивної функції образу «людини економічної»"	"Спеціальний випуск за матеріалами науково-практичної конференції «Актуальні проблеми державної сімейної політики» 28 травня 2010 року. С. 98-103"	2010	"Стаття"	"Україна"	120						1												1																			
"Прокопенко В.Л."	"Геополітичний образ країни як чинник громадянської ідентичності студентської молоді"	"автореф. дис. ... канд. псих. наук : 19.00.05. Відповідальність:  Прокопенко Вадим Леонідович ; М-во освіти і науки, молоді та спорту України ; КНУТШ. Місто:  Київ. Рік:  2012. Сторінок:  18 с."	2012	"Дисертація"	"Україна"	"10, 152"						1	1	1		1				1					1		1																
"Горбачова О. В."	"Протидія проявам ксенофобії органами внутрішніх справ України: соціально-технологічний аспект"	"автореферат дис. ... канд. соц. наук : 22.00.04. 2012. - 20 с."	2012	"Дисертація"	"Україна"	"30, 20, 12, 20, 3"								1	1	1		1						"NA"	"NA"	"NA"	"NA"	"NA"	"NA"	"NA"	"NA"	"NA"	"NA"	"NA"	"NA"	"NA"	"NA"	"NA"	"NA"	"NA"	"NA"	"NA"	"NA"
"Мусієздов О. О."	"Зміна уявлень суспільства про соціальний простір як прояв символічного аспекту соціальної трансформації"	"Автореф. дис... канд. соціол. наук: 22.00.01 / Харківський національний ун–т ім. В.Н.Каразіна. – Х., 2002. – 19 с."	2002	"Дисертація"	"Україна"	"2300, 2500, 2537, 2500"								1											1		1																
"Міхно К. О."	"Динаміка уявлень студентів-психологів про майбутню професію"	"автореф. дис... канд. психол. наук; 19.00.07 - К., 2008. – 19 с."	2008	"Дисертація"	"Україна"	599						1	1		1			1			1			1																			
"Заболотна В. О."	"Регулятивний потенціал духовно-етичних цінностей в умовах глобалізації"	"дис... канд. філос. наук: 09.00.07 / Київський національний ун-т ім. Тараса Шевченка. — К., 2006. — 187арк. — Бібліогр.: арк. 167-187."	2006	"Дисертація"	"Україна"	"NAN"	1	"NAN"	"NAN"	"NAN"	"NAN"	"NAN"	"NAN"	"NAN"	"NAN"	"NAN"	"NAN"	"NAN"	"NAN"	"NAN"	"NAN"	"NAN"	"NAN"	"NAN"	"NAN"	"NAN"	"NAN"	"NAN"	"NAN"	"NAN"	"NAN"	"NAN"	"NAN"	"NAN"	"NAN"	"NAN"	"NAN"	"NAN"	"NAN"	"NAN"	"NAN"	"NAN"	"NAN"
"Щербакова І. В."	"Побоювання як складова соціальних уявлень про міліцію: наслідки щодо взаємовідносин"	"автореф. дис. ... канд. соцiол. наук : 22.00.04 / І. В. Щербакова ; Харк. нац. ун-т внутр. справ. — Х., 2011. — 19 с. — укp."	2011	"Дисертація"	"Україна"	"1200, 30, 20, 5000"								1	1						1			1			1			1													
"Скібіна О. В. "	"Формування ціннісних уявлень про ідеал педагога в студентів університету у процесі вивчення психолого-педагогічних дисциплін"	"автореф. дис. ... канд. пед. наук : 13.00.04 / О. В. Скібіна ; Луган. нац. ун-т ім. Т. Шевченка. — Луганськ, 2010. — 20 с. — укp."	2010	"Дисертація"	"Україна"	"231, 208"							1		1			1			1	1	1	1																1			
"Костенко Р. В."	"Формування соціальних цінностей майбутніх учителів історії у процесі професійної підготовки"	"Дис... канд. наук: 13.00.04 - 2007."	2007	"Дисертація"	"Україна"	297						1	1		1			1			1		1	1																1			
"Сила Т. І."	"Соціально-психологічні особливості професійної інтеракції у соціальній роботі"	"дис... канд. психол. наук: 19.00.05 / Інститут психології ім. Г.С.Костюка АПН України. — К., 2007. — 268арк. : табл. — Бібліогр.: арк. 194-212."	2007	"Дисертація"	"Україна"	"164, 90, 46"						1	1									1	1	1	1		1	1													1		
"Васильченко О. М."	"Етносоціальні уявлення в структурі ""Я""-концепції університетської молоді"	"дисертація канд. психол. наук: 19.00.05 / Інститут психології ім. Г.С.Костюка АПН України. - К., 2003."	2003	"Дисертація"	"Україна"	360				1		1	1	1	1					1	1	1		1	1		1			1												1	
"Кулешова О. В."	"Психологічні особливості особистісної самореалізації викладача вищого навчального закладу"	"дис... канд. психол. наук: 19.00.07 / Хмельницький національний ун-т. — Хмельницький, 2007. — 235арк. — Бібліогр.: арк. 181-197."	2007	"Дисертація"	"Україна"	150				1		1			1	1					1		1	1	1		1	1			1		1							1			1
"Романенко О. В."	"Особистість та професійна діяльність практичного психолога ОВС"	"дис... канд. психол. наук: 19.00.06 / Харківський національний ун-т внутрішніх справ. — Х., 2007. — 182арк. — Бібліогр.: арк. 162-180."	2007	"Дисертація"	"Україна"	"39, 42, 40, 850"						1	1		1									1	1			1				1											
"Кузьмін М. М."	"Когнітивні засади конституювання соціальної реальності"	"Дис... канд. наук: 09.00.03 - 2004."	2004	"Дисертація"	"Україна"	"NAN"	1	"NAN"	"NAN"	"NAN"	"NAN"	"NAN"	"NAN"	"NAN"	"NAN"	"NAN"	"NAN"	"NAN"	"NAN"	"NAN"	"NAN"	"NAN"	"NAN"	"NAN"	"NAN"	"NAN"	"NAN"	"NAN"	"NAN"	"NAN"	"NAN"	"NAN"	"NAN"	"NAN"	"NAN"	"NAN"	"NAN"	"NAN"	"NAN"	"NAN"	"NAN"	"NAN"	"NAN"
"Бєлікова Ю. В."	"Формування гендерних ідентичностей рекламою"	"Дис... канд. наук: 22.00.04 - 2007."	2007	"Дисертація"	"Україна"	600								1				1		1				1						1													
"Бондаревська І. О., Міхайленко В. О."	"Теорія соціальних репрезентацій: актуальні напрями досліджень"	"Вісник Одеського національного університету. Психологія. 2011 - Том 16. Випуск 11. Частина 2. С. 24-30"	2011	"Стаття"	"Україна"	"NAN"	1	"NAN"	"NAN"	"NAN"	"NAN"	"NAN"	"NAN"	"NAN"	"NAN"	"NAN"	"NAN"	"NAN"	"NAN"	"NAN"	"NAN"	"NAN"	"NAN"	"NAN"	"NAN"	"NAN"	"NAN"	"NAN"	"NAN"	"NAN"	"NAN"	"NAN"	"NAN"	"NAN"	"NAN"	"NAN"	"NAN"	"NAN"	"NAN"	"NAN"	"NAN"	"NAN"	"NAN"
"Вакуленко О. Л."	"Соціальні репрезентації та символічні дії як стратегічний вектор досліджень української національної ідентичності"	"Міжнародний науковий форум: соціологія, психологія, педагогіка, менеджмент. – Вип. 6: збірник наукових праць. – К.: Вид-во НПУ імені М.П. Драгоманова, 2011. – С. 159-168."	2011	"Стаття"	"Україна"	"NAN"	1	"NAN"	"NAN"	"NAN"	"NAN"	"NAN"	"NAN"	"NAN"	"NAN"	"NAN"	"NAN"	"NAN"	"NAN"	"NAN"	"NAN"	"NAN"	"NAN"	"NAN"	"NAN"	"NAN"	"NAN"	"NAN"	"NAN"	"NAN"	"NAN"	"NAN"	"NAN"	"NAN"	"NAN"	"NAN"	"NAN"	"NAN"	"NAN"	"NAN"	"NAN"	"NAN"	"NAN"
"Вакуленко О. Л."	"Структурно-динамічні характеристики етнонаціональних ідентитетів української молоді"	"дис. ... канд. психолог. наук : 19.00.05 - Київ - 2012. 240 с."	2012	"Дисертація"	"Україна"	"125, 160, 50"			1	1		1								1	1			"NA"	"NA"	"NA"	"NA"	"NA"	"NA"	"NA"	"NA"	"NA"	"NA"	"NA"	"NA"	"NA"	"NA"	"NA"	"NA"	"NA"	"NA"	"NA"	"NA"
"Черниенко В. А."	"К методологическим основаниям исследования идентичности социального субъекта"	"Наукові записки. Серія «Культурологія» («Проблеми культурної ідентичності: співвідношення традиційного і модерного аспектів ідентифікації». Матеріали міжнародної наукової конференції 15-16 квітня 2011 р., м. Острог). – Острог : Видавництво національного університету «Острозька академія», 2011. – Вип. 7. – С. 38-41."	2011	"Стаття"	"Україна"	"NAN"	1	"NAN"	"NAN"	"NAN"	"NAN"	"NAN"	"NAN"	"NAN"	"NAN"	"NAN"	"NAN"	"NAN"	"NAN"	"NAN"	"NAN"	"NAN"	"NAN"	"NAN"	"NAN"	"NAN"	"NAN"	"NAN"	"NAN"	"NAN"	"NAN"	"NAN"	"NAN"	"NAN"	"NAN"	"NAN"	"NAN"	"NAN"	"NAN"	"NAN"	"NAN"	"NAN"	"NAN"
"Тепляков Н. Н., Азаркина Е. В."	"Ценностные ориентации и процесс социализации молодежи на современном этапе развития общества"	"Вiсник Одеського нацiонального унiверситету = Вестник Одесского национального университета/ ОНУ імені І. І. Мечникова. - Одеса : Астропринт, 2009. - Том 14, Вип.17: Сер. ""Психологія"". – укр. і рос."	2009	"Стаття"	"Україна"	"NAN"	1	"NAN"	"NAN"	"NAN"	"NAN"	"NAN"	"NAN"	"NAN"	"NAN"	"NAN"	"NAN"	"NAN"	"NAN"	"NAN"	"NAN"	"NAN"	"NAN"	"NAN"	"NAN"	"NAN"	"NAN"	"NAN"	"NAN"	"NAN"	"NAN"	"NAN"	"NAN"	"NAN"	"NAN"	"NAN"	"NAN"	"NAN"	"NAN"	"NAN"	"NAN"	"NAN"	"NAN"
"Зливков В. Л."	"Проблема особистісної та професійної самоідентифікації в сучасній психології"	"Соціальна психологія, №5, 2006.  С. 128-136."	2006	"Стаття"	"Україна"	"NAN"	1	"NAN"	"NAN"	"NAN"	"NAN"	"NAN"	"NAN"	"NAN"	"NAN"	"NAN"	"NAN"	"NAN"	"NAN"	"NAN"	"NAN"	"NAN"	"NAN"	"NAN"	"NAN"	"NAN"	"NAN"	"NAN"	"NAN"	"NAN"	"NAN"	"NAN"	"NAN"	"NAN"	"NAN"	"NAN"	"NAN"	"NAN"	"NAN"	"NAN"	"NAN"	"NAN"	"NAN"
"Зливков В. Л."	"Ідентифікація та самоідентифікація як первинні та вторинні чинники саморозвитку особистості педагога"	"Вісник Національного технічного університету України ""Київський політехнічний інститут"" [Текст] : зб. наук. пр. Філософія. Психологія. Педагогіка № 1 (19) / М-во освіти і науки України, Нац. техн. ун-т України ""КПІ"". - К. : Політехніка, 2007. - 189 с. - С. 77-82."	2007	"Стаття"	"Україна"	"NAN"	1	"NAN"	"NAN"	"NAN"	"NAN"	"NAN"	"NAN"	"NAN"	"NAN"	"NAN"	"NAN"	"NAN"	"NAN"	"NAN"	"NAN"	"NAN"	"NAN"	"NAN"	"NAN"	"NAN"	"NAN"	"NAN"	"NAN"	"NAN"	"NAN"	"NAN"	"NAN"	"NAN"	"NAN"	"NAN"	"NAN"	"NAN"	"NAN"	"NAN"	"NAN"	"NAN"	"NAN"
"Садоха О.В."	"Соціальний світ: методологічні проекції і труднощі"	"Вісник Донецького національного університету. Серія Б, Гуманітарні науки. 2009 рік, № 1. С. 190-196"	2009	"Стаття"	"Україна"	"NAN"	1	"NAN"	"NAN"	"NAN"	"NAN"	"NAN"	"NAN"	"NAN"	"NAN"	"NAN"	"NAN"	"NAN"	"NAN"	"NAN"	"NAN"	"NAN"	"NAN"	"NAN"	"NAN"	"NAN"	"NAN"	"NAN"	"NAN"	"NAN"	"NAN"	"NAN"	"NAN"	"NAN"	"NAN"	"NAN"	"NAN"	"NAN"	"NAN"	"NAN"	"NAN"	"NAN"	"NAN"
"Кушнір Ю. В."	"Етнокультурний портрет «іншого» в уявленні старшокласників.загальноосвітніх шкіл донецької області"	"Наукові праці Донецького національного технічного університету. Серія: Педагогіка, психологія і соціологія. Випуск 11 (202) – Донецьк: ДВНЗ «ДонНТУ», 2012. — 351 с. "	2012	"Стаття"	"Україна"	404						1	1											1																			
"Терещенко А."	"Українська молодь в українських суботніх школах Португалії: етнічні, соціальні, освітні ідентичності та репрезентації"	"Українознавчий альманах. Випуск 7. – К., 2012. С. 80-82"	2012	"Стаття"	"Україна"	"16, 15, 184, "				1					1						1			1																			
"Найдьонова Л. А."	"Поділений досвід як онтологічна основа рефлексивного капіталу територіальної спільноти"	"Наукові студії із соціальної та політичної психології. – 2010. – Вип. 24 (27). – С. 62–76."	2010	"Стаття"	"Україна"	"NAN"	1	"NAN"	"NAN"	"NAN"	"NAN"	"NAN"	"NAN"	"NAN"	"NAN"	"NAN"	"NAN"	"NAN"	"NAN"	"NAN"	"NAN"	"NAN"	"NAN"	"NAN"	"NAN"	"NAN"	"NAN"	"NAN"	"NAN"	"NAN"	"NAN"	"NAN"	"NAN"	"NAN"	"NAN"	"NAN"	"NAN"	"NAN"	"NAN"	"NAN"	"NAN"	"NAN"	"NAN"
"Бевз Г. М."	"Дитина в структурі «ідентифікаційної матриці» дорослого"	"Соціальний педагог (Шкільний світ). - К. : Вид. дім ""Шкільний світ"", 2006 - . - Выходит ежемесячно. С. 24-29"	2006	"Стаття"	"Україна"	1568				1								1				1		1																			
"Кияшко Л. О., Краснякова А. О."	"Політична участь сучасної української молоді: соціально-психологічний аналіз"	"Вісник Чернігівського національного педагогічного університету імені Т.Г. Шевченка. Випуск 74. Серія: Психологічні науки. Т. 1. 2009."	2009	"Стаття"	"Україна"	150			1			1												1																			
"Подляшаник В. В."	"Економічна свідомість особистості: методологічні обрії аналізу проблеми"	"Проблеми сучасної психології. Збірник наукових праць. Кам’янець-Подільського національного університету імені Івана Огієнка та Інституту психології імені Г.С. Костюка НАПН України. С. 521-530"	2013	"Стаття"	"Україна"	"NAN"	1	"NAN"	"NAN"	"NAN"	"NAN"	"NAN"	"NAN"	"NAN"	"NAN"	"NAN"	"NAN"	"NAN"	"NAN"	"NAN"	"NAN"	"NAN"	"NAN"	"NAN"	"NAN"	"NAN"	"NAN"	"NAN"	"NAN"	"NAN"	"NAN"	"NAN"	"NAN"	"NAN"	"NAN"	"NAN"	"NAN"	"NAN"	"NAN"	"NAN"	"NAN"	"NAN"	"NAN"
"Афонін Е., Мартинов А."	"Універсальне й унікальне в процесі суспільної трансформації"	"Публічне управління: теорія і практика.-2010.-№3-4.-С. 250-263"	2010	"Стаття"	"Україна"	"NAN"	1	"NAN"	"NAN"	"NAN"	"NAN"	"NAN"	"NAN"	"NAN"	"NAN"	"NAN"	"NAN"	"NAN"	"NAN"	"NAN"	"NAN"	"NAN"	"NAN"	"NAN"	"NAN"	"NAN"	"NAN"	"NAN"	"NAN"	"NAN"	"NAN"	"NAN"	"NAN"	"NAN"	"NAN"	"NAN"	"NAN"	"NAN"	"NAN"	"NAN"	"NAN"	"NAN"	"NAN"
"Грибенко І. В."	"Когнітивний та емоційний компоненти самоідентифікації в межах соціальної ідентичності особистості"	"Наукові студії із соціальної та політичної психології. – 2010. – Вип. 24 (27). – С. 147–156."	2010	"Стаття"	"Україна"	"NAN"	1	"NAN"	"NAN"	"NAN"	"NAN"	"NAN"	"NAN"	"NAN"	"NAN"	"NAN"	"NAN"	"NAN"	"NAN"	"NAN"	"NAN"	"NAN"	"NAN"	"NAN"	"NAN"	"NAN"	"NAN"	"NAN"	"NAN"	"NAN"	"NAN"	"NAN"	"NAN"	"NAN"	"NAN"	"NAN"	"NAN"	"NAN"	"NAN"	"NAN"	"NAN"	"NAN"	"NAN"
"Іщук О. В."	"Усвідомлення  ідентичності  як  чинник успішної соціалізації"	"Проблеми сучасної психології : зб. наук. праць Кам’янець-Подільського національного університету імені Івана Огієнка ; Інституту  психології ім. Г. С. Костюка НАПН України / за ред. С. Д. Максименка, Л. А. Онуфрієвої. – Кам’янець-Подільський : Аксіома, 2011. – Вип. 12. –  С. 449–458. "	2011	"Стаття"	"Україна"	"NAN"	1	"NAN"	"NAN"	"NAN"	"NAN"	"NAN"	"NAN"	"NAN"	"NAN"	"NAN"	"NAN"	"NAN"	"NAN"	"NAN"	"NAN"	"NAN"	"NAN"	"NAN"	"NAN"	"NAN"	"NAN"	"NAN"	"NAN"	"NAN"	"NAN"	"NAN"	"NAN"	"NAN"	"NAN"	"NAN"	"NAN"	"NAN"	"NAN"	"NAN"	"NAN"	"NAN"	"NAN"
"Іщук О. В."	"Організаційна культура вищого навчального закладу як чинник становлення професійної ідентичності студентів"	"автореф. дис. ... канд. психол. наук : 19.00.10 / Іщук Ольга Вікторівна ; Нац. акад. пед. наук України, Ін-т психології ім. Г. С. Костюка. - К., 2013. - 20 с."	2013	"Дисертація"	"Україна"	619				1		1											1		1						1			1				1	1				
